-- phpMyAdmin SQL Dump
-- version 4.9.1
-- https://www.phpmyadmin.net/
--
-- Anamakine: localhost
-- Üretim Zamanı: 12 Haz 2020, 12:46:16
-- Sunucu sürümü: 8.0.17
-- PHP Sürümü: 7.3.10

SET SQL_MODE = "NO_AUTO_VALUE_ON_ZERO";
SET AUTOCOMMIT = 0;
START TRANSACTION;
SET time_zone = "+00:00";


/*!40101 SET @OLD_CHARACTER_SET_CLIENT=@@CHARACTER_SET_CLIENT */;
/*!40101 SET @OLD_CHARACTER_SET_RESULTS=@@CHARACTER_SET_RESULTS */;
/*!40101 SET @OLD_COLLATION_CONNECTION=@@COLLATION_CONNECTION */;
/*!40101 SET NAMES utf8mb4 */;

--
-- Veritabanı: `eticaret`
--

-- --------------------------------------------------------

--
-- Tablo için tablo yapısı `ayar`
--

CREATE TABLE `ayar` (
  `ayar_id` int(11) NOT NULL,
  `ayar_logo` varchar(250) CHARACTER SET utf8 COLLATE utf8_turkish_ci NOT NULL,
  `ayar_url` varchar(50) CHARACTER SET utf8 COLLATE utf8_turkish_ci NOT NULL,
  `ayar_title` varchar(250) CHARACTER SET utf8 COLLATE utf8_turkish_ci NOT NULL,
  `ayar_description` varchar(250) CHARACTER SET utf8 COLLATE utf8_turkish_ci NOT NULL,
  `ayar_keywords` varchar(50) CHARACTER SET utf8 COLLATE utf8_turkish_ci NOT NULL,
  `ayar_author` varchar(50) CHARACTER SET utf8 COLLATE utf8_turkish_ci NOT NULL,
  `ayar_tel` varchar(50) CHARACTER SET utf8 COLLATE utf8_turkish_ci NOT NULL,
  `ayar_gsm` varchar(50) CHARACTER SET utf8 COLLATE utf8_turkish_ci NOT NULL,
  `ayar_faks` varchar(50) CHARACTER SET utf8 COLLATE utf8_turkish_ci NOT NULL,
  `ayar_mail` varchar(50) CHARACTER SET utf8 COLLATE utf8_turkish_ci NOT NULL,
  `ayar_ilce` varchar(50) CHARACTER SET utf8 COLLATE utf8_turkish_ci NOT NULL,
  `ayar_il` varchar(50) CHARACTER SET utf8 COLLATE utf8_turkish_ci NOT NULL,
  `ayar_adres` varchar(250) CHARACTER SET utf8 COLLATE utf8_turkish_ci NOT NULL,
  `ayar_mesai` varchar(250) CHARACTER SET utf8 COLLATE utf8_turkish_ci NOT NULL,
  `ayar_maps` varchar(250) CHARACTER SET utf8 COLLATE utf8_turkish_ci NOT NULL,
  `ayar_analystic` varchar(50) CHARACTER SET utf8 COLLATE utf8_turkish_ci NOT NULL,
  `ayar_zopim` varchar(250) CHARACTER SET utf8 COLLATE utf8_turkish_ci NOT NULL,
  `ayar_facebook` varchar(50) CHARACTER SET utf8 COLLATE utf8_turkish_ci NOT NULL,
  `ayar_twitter` varchar(50) CHARACTER SET utf8 COLLATE utf8_turkish_ci NOT NULL,
  `ayar_google` varchar(50) CHARACTER SET utf8 COLLATE utf8_turkish_ci NOT NULL,
  `ayar_youtube` varchar(50) CHARACTER SET utf8 COLLATE utf8_turkish_ci NOT NULL,
  `ayar_smtphost` varchar(50) CHARACTER SET utf8 COLLATE utf8_turkish_ci NOT NULL,
  `ayar_smtpuser` varchar(50) CHARACTER SET utf8 COLLATE utf8_turkish_ci NOT NULL,
  `ayar_smtppassword` varchar(50) CHARACTER SET utf8 COLLATE utf8_turkish_ci NOT NULL,
  `ayar_smtpport` varchar(50) CHARACTER SET utf8 COLLATE utf8_turkish_ci NOT NULL,
  `ayar_bakim` enum('0','1') CHARACTER SET utf8 COLLATE utf8_turkish_ci NOT NULL DEFAULT '1'
) ENGINE=InnoDB DEFAULT CHARSET=utf8 COLLATE=utf8_turkish_ci;

--
-- Tablo döküm verisi `ayar`
--

INSERT INTO `ayar` (`ayar_id`, `ayar_logo`, `ayar_url`, `ayar_title`, `ayar_description`, `ayar_keywords`, `ayar_author`, `ayar_tel`, `ayar_gsm`, `ayar_faks`, `ayar_mail`, `ayar_ilce`, `ayar_il`, `ayar_adres`, `ayar_mesai`, `ayar_maps`, `ayar_analystic`, `ayar_zopim`, `ayar_facebook`, `ayar_twitter`, `ayar_google`, `ayar_youtube`, `ayar_smtphost`, `ayar_smtpuser`, `ayar_smtppassword`, `ayar_smtpport`, `ayar_bakim`) VALUES
(0, 'dimg/245571.png', 'http://www.furkanexpress.com', 'FurkanExpress', 'FurkanExpress E-Ticaret Bitirme Projesi', 'eticaret, shopping, php', 'Furkan KORKMAZGÖZ', '0555 555 55 55', '0850 850 00 00', '0850 850 00 00', 'admin@info.com.tr', 'Arnavutköy', 'İstanbul', 'Hadımköy', '7/24 Açıktır', 'ayar_maps_api', 'ayar_analystic', 'https://static.zdassets.com/ekr/snippet.js?key=9ea70d0f-2dc3-4177-90c5-bd79c70c72d7', 'www.facebook.com', 'www.twitter.com', 'www.google.com', 'www.youtube.com', 'furkan.kgz@gmail.com', 'furkanexpress.com', 'password', '587', '1');

-- --------------------------------------------------------

--
-- Tablo için tablo yapısı `banka`
--

CREATE TABLE `banka` (
  `banka_id` int(11) NOT NULL,
  `banka_ad` varchar(50) NOT NULL,
  `banka_iban` varchar(50) NOT NULL,
  `banka_hesapadsoyad` varchar(50) NOT NULL,
  `banka_durum` enum('0','1') NOT NULL DEFAULT '0'
) ENGINE=InnoDB DEFAULT CHARSET=utf8 COLLATE=utf8_turkish_ci;

--
-- Tablo döküm verisi `banka`
--

INSERT INTO `banka` (`banka_id`, `banka_ad`, `banka_iban`, `banka_hesapadsoyad`, `banka_durum`) VALUES
(1, 'Garanti Bankası', 'TR 65432168468543216579', 'Furkan KORKMAZGÖZ', '1'),
(2, 'TEB Bankası', 'TR 3516876513268765', 'Furkan KORKMAZGÖZ', '1'),
(3, 'Halk Bankası', 'TR 1238742912391938794', 'Furkan KORKMAZGÖZ', '1'),
(4, 'Ziraat Bankası', 'TR 92357829343817492739', 'Furkan KORKMAZGÖZ', '1');

-- --------------------------------------------------------

--
-- Tablo için tablo yapısı `hakkimizda`
--

CREATE TABLE `hakkimizda` (
  `hakkimizda_id` int(11) NOT NULL,
  `hakkimizda_baslik` varchar(250) CHARACTER SET utf8 COLLATE utf8_turkish_ci NOT NULL,
  `hakkimizda_icerik` text CHARACTER SET utf8 COLLATE utf8_turkish_ci NOT NULL,
  `hakkimizda_video` varchar(50) CHARACTER SET utf8 COLLATE utf8_turkish_ci NOT NULL,
  `hakkimizda_vizyon` varchar(500) CHARACTER SET utf8 COLLATE utf8_turkish_ci NOT NULL,
  `hakkimizda_misyon` varchar(500) CHARACTER SET utf8 COLLATE utf8_turkish_ci NOT NULL
) ENGINE=InnoDB DEFAULT CHARSET=utf8 COLLATE=utf8_turkish_ci;

--
-- Tablo döküm verisi `hakkimizda`
--

INSERT INTO `hakkimizda` (`hakkimizda_id`, `hakkimizda_baslik`, `hakkimizda_icerik`, `hakkimizda_video`, `hakkimizda_vizyon`, `hakkimizda_misyon`) VALUES
(0, 'FurkanExpress | E-Ticaret Sitesi Projesi', '<p>Lorem ipsum dolor sit amet, consectetur adipiscing elit. Phasellus viverra viverra eros, eu laoreet leo iaculis vehicula. Nunc pretium volutpat neque, finibus fermentum neque pretium vel. In hac habitasse platea dictumst. Phasellus ipsum lacus, vehicula et fringilla a, dapibus ac mi. Nulla orci tortor, fringilla eget magna in, dictum consequat lectus. Sed tincidunt purus nec erat scelerisque pretium. Aliquam vehicula lacus vel lacus varius egestas.</p>\r\n\r\n<p>Vivamus eget euismod mi. Pellentesque et bibendum libero. Aliquam ullamcorper felis id nisl fermentum fringilla. Curabitur egestas condimentum lacus ut ornare. Donec vitae libero sagittis, pharetra massa ut, aliquam tellus. Proin luctus ex orci, nec pretium purus ultrices id. Nulla facilisi. Donec convallis pellentesque mauris. Suspendisse potenti. Ut viverra ex ante, vel tincidunt massa pellentesque et. Aenean rutrum ut ex facilisis vestibulum. Mauris est nibh, auctor quis efficitur et, pellentesque eu metus.</p>\r\n\r\n<p>Sed auctor maximus nunc ut cursus. Sed ultrices lectus eu turpis tincidunt, id dignissim nisl mattis. Sed in risus justo. Fusce et eleifend elit. Donec sit amet sapien accumsan, ornare diam ut, pellentesque dui. Maecenas ut molestie mauris. Curabitur imperdiet enim ut feugiat vulputate. Quisque dictum dolor a risus facilisis, eu bibendum dolor aliquam. Mauris vestibulum leo mauris, sit amet blandit erat suscipit nec.</p>\r\n\r\n<p>Nam facilisis sem vitae sem cursus, non ultrices dolor ullamcorper. Donec tortor massa, convallis eu tortor ornare, ornare sollicitudin tellus. Pellentesque quis interdum neque. Praesent elementum mauris sit amet nibh scelerisque bibendum. Maecenas aliquet metus lacinia elit bibendum volutpat. Vivamus eget augue eu quam consectetur venenatis. Proin rhoncus, tellus vitae tempor efficitur, eros orci maximus odio, eu rutrum sapien arcu non nisl. Donec egestas mauris eu nisl faucibus, ullamcorper dictum urna efficitur. Aliquam eu velit nisi. Etiam vitae nisi massa. Etiam a auctor felis.</p>\r\n\r\n<p>Vestibulum sem erat, venenatis at blandit in, mollis ut mauris. Donec vitae neque venenatis ante fermentum auctor vel at quam. Orci varius natoque penatibus et magnis dis parturient montes, nascetur ridiculus mus. Etiam ut auctor lectus, at egestas odio. Donec vestibulum nunc vitae porttitor scelerisque. Aenean non erat facilisis, finibus ex eu, commodo nulla. Pellentesque ornare, sem sit amet laoreet efficitur, sapien enim facilisis nibh, vel imperdiet nunc eros id libero. Suspendisse potenti. Nullam nec fringilla nibh. Duis sed ex a eros interdum faucibus. Duis viverra quis sem ut accumsan.</p>\r\n', 'qmgpLn8qAXg', 'FurkanExpress ile ilgili hakkımızda vizyon içeriği burada yer alacağından buraya vizyon verisi girilecekitir.', 'FurkanExpress ile ilgili hakkımızda vizyon içeriği burada yer alacağından buraya vizyon verisi girilecekitir.');

-- --------------------------------------------------------

--
-- Tablo için tablo yapısı `kategori`
--

CREATE TABLE `kategori` (
  `kategori_id` int(11) NOT NULL,
  `kategori_ad` varchar(100) NOT NULL,
  `kategori_ust` int(2) NOT NULL,
  `kategori_seourl` varchar(250) NOT NULL,
  `kategori_sira` int(2) NOT NULL,
  `kategori_durum` enum('0','1') NOT NULL DEFAULT '1'
) ENGINE=InnoDB DEFAULT CHARSET=utf8 COLLATE=utf8_turkish_ci;

--
-- Tablo döküm verisi `kategori`
--

INSERT INTO `kategori` (`kategori_id`, `kategori_ad`, `kategori_ust`, `kategori_seourl`, `kategori_sira`, `kategori_durum`) VALUES
(2, 'Kitap', 0, 'kitap', 7, '1'),
(4, 'Telefon', 8, 'telefon', 3, '1'),
(6, 'Bilgisayar', 8, 'bilgisayar', 6, '1'),
(7, 'Televizyon', 8, 'televizyon', 2, '1'),
(8, 'Teknoloji', 0, 'teknoloji', 1, '1'),
(9, 'Moda', 0, 'moda', 3, '1');

-- --------------------------------------------------------

--
-- Tablo için tablo yapısı `kullanici`
--

CREATE TABLE `kullanici` (
  `kullanici_id` int(11) NOT NULL,
  `kullanici_zaman` datetime NOT NULL DEFAULT CURRENT_TIMESTAMP,
  `kullanici_resim` varchar(250) CHARACTER SET utf8 COLLATE utf8_turkish_ci NOT NULL,
  `kullanici_tc` varchar(50) CHARACTER SET utf8 COLLATE utf8_turkish_ci NOT NULL,
  `kullanici_ad` varchar(50) CHARACTER SET utf8 COLLATE utf8_turkish_ci NOT NULL,
  `kullanici_mail` varchar(100) CHARACTER SET utf8 COLLATE utf8_turkish_ci NOT NULL,
  `kullanici_gsm` varchar(50) CHARACTER SET utf8 COLLATE utf8_turkish_ci NOT NULL,
  `kullanici_password` varchar(50) CHARACTER SET utf8 COLLATE utf8_turkish_ci NOT NULL,
  `kullanici_adsoyad` varchar(50) CHARACTER SET utf8 COLLATE utf8_turkish_ci NOT NULL,
  `kullanici_adres` varchar(250) CHARACTER SET utf8 COLLATE utf8_turkish_ci NOT NULL,
  `kullanici_il` varchar(100) CHARACTER SET utf8 COLLATE utf8_turkish_ci NOT NULL,
  `kullanici_ilce` varchar(100) CHARACTER SET utf8 COLLATE utf8_turkish_ci NOT NULL,
  `kullanici_unvan` varchar(100) CHARACTER SET utf8 COLLATE utf8_turkish_ci NOT NULL,
  `kullanici_yetki` varchar(50) CHARACTER SET utf8 COLLATE utf8_turkish_ci NOT NULL,
  `kullanici_durum` int(1) NOT NULL DEFAULT '1'
) ENGINE=InnoDB DEFAULT CHARSET=utf8 COLLATE=utf8_turkish_ci;

--
-- Tablo döküm verisi `kullanici`
--

INSERT INTO `kullanici` (`kullanici_id`, `kullanici_zaman`, `kullanici_resim`, `kullanici_tc`, `kullanici_ad`, `kullanici_mail`, `kullanici_gsm`, `kullanici_password`, `kullanici_adsoyad`, `kullanici_adres`, `kullanici_il`, `kullanici_ilce`, `kullanici_unvan`, `kullanici_yetki`, `kullanici_durum`) VALUES
(153, '2020-04-29 15:12:34', '', '', '', 'admin', '', 'e10adc3949ba59abbe56e057f20f883e', 'Furkan KORKMAZÖZ', '', '', '', '', '5', 1),
(159, '2020-04-30 18:24:46', '', '', '', 'dogukan.smr@gmail.com', '', 'e10adc3949ba59abbe56e057f20f883e', 'Doğukan Samur', '', '', '', '', '1', 1),
(161, '2020-05-12 18:54:12', '', '11111111111', '', 'furkan.kgz@gmail.com', '', '25d55ad283aa400af464c76d713c07ad', ' Furkan KORKMAZGÖZ ', '', '   İstanbul ', ' Arnavutköy ', '', '1', 1);

-- --------------------------------------------------------

--
-- Tablo için tablo yapısı `menu`
--

CREATE TABLE `menu` (
  `menu_id` int(11) NOT NULL,
  `menu_ust` varchar(50) CHARACTER SET utf8 COLLATE utf8_turkish_ci NOT NULL,
  `menu_ad` varchar(100) CHARACTER SET utf8 COLLATE utf8_turkish_ci NOT NULL,
  `menu_detay` text CHARACTER SET utf8 COLLATE utf8_turkish_ci NOT NULL,
  `menu_url` varchar(250) CHARACTER SET utf8 COLLATE utf8_turkish_ci NOT NULL,
  `menu_sira` int(2) NOT NULL,
  `menu_durum` enum('0','1') CHARACTER SET utf8 COLLATE utf8_turkish_ci NOT NULL,
  `menu_seourl` varchar(250) CHARACTER SET utf8 COLLATE utf8_turkish_ci NOT NULL
) ENGINE=InnoDB DEFAULT CHARSET=utf8 COLLATE=utf8_turkish_ci;

--
-- Tablo döküm verisi `menu`
--

INSERT INTO `menu` (`menu_id`, `menu_ust`, `menu_ad`, `menu_detay`, `menu_url`, `menu_sira`, `menu_durum`, `menu_seourl`) VALUES
(1, '0', 'Hakkımızda', '', 'hakkimizda', 1, '1', 'hakkimizda'),
(4, '0', 'Kategoriler', '', 'kategoriler', 3, '1', 'kategoriler'),
(6, '', 'Gizlilik Koşullarımız', '<p><strong>FurkanExpress ile ilgili gizlilik koşulları i&ccedil;eriği burada yer alacağından buraya gizlilik koşulları verisi girilecektir.</strong></p>\r\n\r\n<p>&nbsp;</p>\r\n', '', 10, '1', 'gizlilik-kosullarimiz'),
(11, '', 'Mesafeli satış sözleşmesi', '<p>MESAFELİ S&Ouml;ZLEŞMELER Y&Ouml;NETMELİĞİ</p>\r\n\r\n<p>BİRİNCİ B&Ouml;L&Uuml;M</p>\r\n\r\n<p>Ama&ccedil;, Kapsam, Dayanak ve Tanımlar</p>\r\n\r\n<p><strong>Ama&ccedil;</strong></p>\r\n\r\n<p><strong>MADDE 1 &ndash;</strong>&nbsp;(1) Bu Y&ouml;netmeliğin amacı, mesafeli s&ouml;zleşmelere ilişkin uygulama usul ve esaslarını d&uuml;zenlemektir.</p>\r\n\r\n<p><strong>Kapsam</strong></p>\r\n\r\n<p><strong>MADDE 2 &ndash;</strong>&nbsp;(1) Bu Y&ouml;netmelik, mesafeli s&ouml;zleşmelere uygulanır.</p>\r\n\r\n<p>(2) Bu Y&ouml;netmelik h&uuml;k&uuml;mleri;</p>\r\n\r\n<p>a) Finansal hizmetler,</p>\r\n\r\n<p>b) Otomatik makineler aracılığıyla yapılan satışlar,</p>\r\n\r\n<p>c) Halka a&ccedil;ık telefon vasıtasıyla telekom&uuml;nikasyon operat&ouml;rleriyle bu telefonun kullanımı,</p>\r\n\r\n<p>&ccedil;) Bahis, &ccedil;ekiliş, piyango ve benzeri şans oyunlarına ilişkin hizmetler,</p>\r\n\r\n<p>d) Taşınmaz malların veya bu mallara ilişkin hakların oluşumu, devri veya kazanımı,</p>\r\n\r\n<p>e) Konut kiralama,</p>\r\n\r\n<p>f) Paket turlar,</p>\r\n\r\n<p>g) Devre m&uuml;lk, devre tatil, uzun s&uuml;reli tatil hizmeti ve bunların yeniden satımı veya değişimi,</p>\r\n\r\n<p>ğ) Yiyecek ve i&ccedil;ecekler gibi g&uuml;nl&uuml;k t&uuml;ketim maddelerinin, satıcının d&uuml;zenli teslimatları &ccedil;er&ccedil;evesinde t&uuml;keticinin meskenine veya işyerine g&ouml;t&uuml;r&uuml;lmesi,</p>\r\n\r\n<p>h) 5 inci maddenin birinci fıkrasının (a), (b) ve (d) bentlerindeki bilgi verme y&uuml;k&uuml;ml&uuml;l&uuml;ğ&uuml; ile 18 inci ve 19 uncu maddelerde yer alan y&uuml;k&uuml;ml&uuml;l&uuml;kler saklı kalmak koşuluyla yolcu taşıma hizmetleri,</p>\r\n\r\n<p>ı) Malların montaj, bakım ve onarımı,</p>\r\n\r\n<p>i) Bakımevi hizmetleri, &ccedil;ocuk, yaşlı ya da hasta bakımı gibi ailelerin ve kişilerin desteklenmesine y&ouml;nelik sosyal hizmetler</p>\r\n\r\n<p>ile&nbsp;ilgili s&ouml;zleşmelere uygulanmaz.</p>\r\n\r\n<p><strong>Dayanak</strong></p>\r\n\r\n<p><strong>MADDE 3 &ndash;</strong>&nbsp;(1) Bu Y&ouml;netmelik,&nbsp;7/11/2013&nbsp;tarihli ve 6502 sayılı T&uuml;keticinin Korunması Hakkında Kanunun 48 inci ve 84 &uuml;nc&uuml; maddelerine dayanılarak hazırlanmıştır.</p>\r\n\r\n<p><strong>Tanımlar</strong></p>\r\n\r\n<p><strong>MADDE 4 &ndash;</strong>&nbsp;(1) Bu Y&ouml;netmeliğin uygulanmasında;</p>\r\n\r\n<p>a) Dijital i&ccedil;erik: Bilgisayar programı, uygulama, oyun, m&uuml;zik, video ve metin gibi dijital şekilde sunulan her t&uuml;rl&uuml; veriyi,</p>\r\n\r\n<p>b) Hizmet: Bir &uuml;cret veya menfaat karşılığında yapılan ya da yapılması taahh&uuml;t edilen mal sağlama dışındaki her t&uuml;rl&uuml; t&uuml;ketici işleminin konusunu,</p>\r\n\r\n<p>c) Kalıcı veri saklayıcısı: T&uuml;keticinin g&ouml;nderdiği veya kendisine g&ouml;nderilen bilgiyi, bu bilginin amacına uygun olarak makul bir s&uuml;re incelemesine elverecek şekilde kaydedilmesini ve değiştirilmeden kopyalanmasını sağlayan ve bu bilgiye aynen ulaşılmasına&nbsp;imkan&nbsp;veren kısa mesaj, elektronik posta, internet, disk, CD, DVD, hafıza kartı ve benzeri her t&uuml;rl&uuml; ara&ccedil; veya ortamı,</p>\r\n\r\n<p>&ccedil;) Kanun: 6502 sayılı T&uuml;keticinin Korunması Hakkında Kanunu,</p>\r\n\r\n<p>d) Mal: Alışverişe konu olan; taşınır eşya, konut veya tatil ama&ccedil;lı taşınmaz mallar ile elektronik ortamda kullanılmak &uuml;zere hazırlanan yazılım, ses, g&ouml;r&uuml;nt&uuml; ve benzeri her t&uuml;rl&uuml; gayri maddi malları,</p>\r\n\r\n<p>e) Mesafeli s&ouml;zleşme: Satıcı veya sağlayıcı ile t&uuml;keticinin eş zamanlı fiziksel varlığı olmaksızın, mal veya hizmetlerin uzaktan pazarlanmasına y&ouml;nelik olarak oluşturulmuş bir sistem &ccedil;er&ccedil;evesinde, taraflar arasında s&ouml;zleşmenin kurulduğu ana kadar ve kurulduğu an da&nbsp;dahil&nbsp;olmak &uuml;zere uzaktan iletişim ara&ccedil;larının kullanılması suretiyle kurulan s&ouml;zleşmeleri,</p>\r\n\r\n<p>f) Sağlayıcı: Kamu t&uuml;zel kişileri de&nbsp;dahil&nbsp;olmak &uuml;zere ticari veya mesleki ama&ccedil;larla t&uuml;keticiye hizmet sunan ya da hizmet sunanın adına ya da hesabına hareket eden ger&ccedil;ek veya t&uuml;zel kişiyi,</p>\r\n\r\n<p>g) Satıcı: Kamu t&uuml;zel kişileri de&nbsp;dahil&nbsp;olmak &uuml;zere ticari veya mesleki ama&ccedil;larla t&uuml;keticiye mal sunan ya da mal sunanın adına ya da hesabına hareket eden ger&ccedil;ek veya t&uuml;zel kişiyi,</p>\r\n\r\n<p>ğ) T&uuml;ketici: Ticari veya mesleki olmayan ama&ccedil;larla hareket eden ger&ccedil;ek veya t&uuml;zel kişiyi,</p>\r\n\r\n<p>h) Uzaktan iletişim aracı: Mektup, katalog, telefon, faks, radyo, televizyon, elektronik posta mesajı, kısa mesaj, internet gibi fiziksel olarak karşı karşıya gelinmeksizin s&ouml;zleşme kurulmasına&nbsp;imkan&nbsp;veren her t&uuml;rl&uuml; ara&ccedil; veya ortamı,</p>\r\n\r\n<p>ı) Yan s&ouml;zleşme: Bir mesafeli s&ouml;zleşme ile ilişkili olarak satıcı, sağlayıcı ya da &uuml;&ccedil;&uuml;nc&uuml; bir kişi tarafından s&ouml;zleşme konusu mal ya da hizmete ilave olarak t&uuml;keticiye sağlanan mal veya hizmete ilişkin s&ouml;zleşmeyi</p>\r\n\r\n<p>ifade&nbsp;eder.</p>\r\n\r\n<p>İKİNCİ B&Ouml;L&Uuml;M</p>\r\n\r\n<p>&Ouml;n Bilgilendirme Y&uuml;k&uuml;ml&uuml;l&uuml;ğ&uuml;</p>\r\n\r\n<p><strong>&Ouml;n bilgilendirme</strong></p>\r\n\r\n<p><strong>MADDE 5 &ndash;</strong>&nbsp;(1) T&uuml;ketici, mesafeli s&ouml;zleşmenin kurulmasından ya da buna karşılık gelen herhangi bir teklifi kabul etmeden &ouml;nce, aşağıdaki hususların tamamını i&ccedil;erecek şekilde satıcı veya sağlayıcı tarafından bilgilendirilmek zorundadır.</p>\r\n\r\n<p>a) S&ouml;zleşme konusu mal veya hizmetin temel nitelikleri,</p>\r\n\r\n<p>b) Satıcı veya sağlayıcının adı veya unvanı, varsa MERSİS numarası,</p>\r\n\r\n<p>c) T&uuml;keticinin satıcı veya sağlayıcı ile hızlı bir şekilde irtibat kurmasına&nbsp;imkan&nbsp;veren, satıcı veya sağlayıcının a&ccedil;ık adresi, telefon numarası ve benzeri iletişim bilgileri ile varsa satıcı veya sağlayıcının adına ya da hesabına hareket edenin kimliği ve adresi,</p>\r\n\r\n<p>&ccedil;) Satıcı veya sağlayıcının t&uuml;keticinin&nbsp;şikayetlerini&nbsp;iletmesi i&ccedil;in (c) bendinde belirtilenden farklı iletişim bilgileri var ise, bunlara ilişkin bilgi,</p>\r\n\r\n<p>d) Mal veya hizmetin t&uuml;m vergiler&nbsp;dahil&nbsp;toplam fiyatı, niteliği itibariyle &ouml;nceden hesaplanamıyorsa fiyatın hesaplanma usul&uuml;, varsa t&uuml;m nakliye, teslim ve benzeri ek masraflar ile bunların &ouml;nceden hesaplanamaması halinde ek masrafların &ouml;denebileceği bilgisi,</p>\r\n\r\n<p>e) S&ouml;zleşmenin kurulması aşamasında uzaktan iletişim aracının kullanım bedelinin olağan &uuml;cret tarifesi &uuml;zerinden hesaplanamadığı durumlarda, t&uuml;keticilere y&uuml;klenen ilave maliyet,</p>\r\n\r\n<p>f) &Ouml;deme, teslimat, ifaya ilişkin bilgiler ile varsa bunlara ilişkin taahh&uuml;tler ve satıcı veya sağlayıcının&nbsp;şikayetlere&nbsp;ilişkin &ccedil;&ouml;z&uuml;m y&ouml;ntemleri,</p>\r\n\r\n<p>g) Cayma hakkının olduğu durumlarda, bu hakkın kullanılma şartları, s&uuml;resi, usul&uuml; ve satıcının iade i&ccedil;in &ouml;ng&ouml;rd&uuml;ğ&uuml; taşıyıcıya ilişkin bilgiler,</p>\r\n\r\n<p>ğ) Cayma bildiriminin yapılacağı a&ccedil;ık adres, faks numarası veya elektronik posta bilgileri,</p>\r\n\r\n<p>h) 15 inci madde uyarınca cayma hakkının kullanılamadığı durumlarda, t&uuml;keticinin cayma hakkından faydalanamayacağına ya da hangi koşullarda cayma hakkını kaybedeceğine ilişkin bilgi,</p>\r\n\r\n<p>ı) Satıcı veya sağlayıcının talebi &uuml;zerine, varsa t&uuml;ketici tarafından &ouml;denmesi veya sağlanması gereken depozitolar ya da diğer mali teminatlar ve bunlara ilişkin şartlar,</p>\r\n\r\n<p>i) Varsa dijital i&ccedil;eriklerin işlevselliğini etkileyebilecek teknik koruma &ouml;nlemleri,</p>\r\n\r\n<p>j) Satıcı veya sağlayıcının bildiği ya da makul olarak bilmesinin beklendiği, dijital i&ccedil;eriğin hangi donanım ya da yazılımla birlikte &ccedil;alışabileceğine ilişkin bilgi,</p>\r\n\r\n<p>k) T&uuml;keticilerin uyuşmazlık konusundaki başvurularını T&uuml;ketici Mahkemesine veya T&uuml;ketici Hakem Heyetine yapabileceklerine dair bilgi.</p>\r\n\r\n<p>(2) Birinci fıkrada belirtilen bilgiler, mesafeli s&ouml;zleşmenin ayrılmaz bir par&ccedil;asıdır ve taraflar aksini a&ccedil;ık&ccedil;a kararlaştırmadık&ccedil;a bu bilgiler değiştirilemez.</p>\r\n\r\n<p>(3) Satıcı veya sağlayıcı, birinci fıkranın (d) bendinde yer alan ek masraflara ilişkin bilgilendirme y&uuml;k&uuml;ml&uuml;l&uuml;ğ&uuml;n&uuml; yerine getirmezse, t&uuml;ketici bunları karşılamakla y&uuml;k&uuml;ml&uuml; değildir.</p>\r\n\r\n<p>(4) Birinci fıkranın (d) bendinde yer alan toplam fiyatın, belirsiz s&uuml;reli s&ouml;zleşmelerde veya belirli s&uuml;reli abonelik s&ouml;zleşmelerinde, her faturalama d&ouml;nemi bazında toplam masrafları i&ccedil;ermesi zorunludur.</p>\r\n\r\n<p>(5) A&ccedil;ık artırma veya eksiltme yoluyla kurulan s&ouml;zleşmelerde, birinci fıkranın (b), (c) ve (&ccedil;) bentlerinde yer alan bilgilerin yerine a&ccedil;ık artırmayı yapan ile ilgili bilgilere yer verilebilir.</p>\r\n\r\n<p>(6) &Ouml;n bilgilendirme yapıldığına ilişkin ispat y&uuml;k&uuml; satıcı veya sağlayıcıya aittir.</p>\r\n\r\n<p><strong>&Ouml;n bilgilendirme y&ouml;ntemi</strong></p>\r\n\r\n<p><strong>MADDE 6 &ndash;</strong>&nbsp;(1) T&uuml;ketici, 5 inci maddenin birinci fıkrasında belirtilen t&uuml;m hususlarda, kullanılan uzaktan iletişim aracına uygun olarak en az on iki punto b&uuml;y&uuml;kl&uuml;ğ&uuml;nde, anlaşılabilir bir dilde, a&ccedil;ık, sade ve okunabilir bir şekilde satıcı veya sağlayıcı tarafından yazılı olarak veya kalıcı veri saklayıcısı ile bilgilendirilmek zorundadır.</p>\r\n\r\n<p>(2) Mesafeli s&ouml;zleşmenin internet yoluyla kurulması halinde, satıcı veya sağlayıcı;</p>\r\n\r\n<p>a) 5 inci maddenin birinci fıkrasında yer alan bilgilendirme y&uuml;k&uuml;ml&uuml;l&uuml;ğ&uuml; saklı kalmak kaydıyla, aynı fıkranın (a), (d), (g) ve (h) bentlerinde yer alan bilgileri bir b&uuml;t&uuml;n olarak, t&uuml;keticinin &ouml;deme y&uuml;k&uuml;ml&uuml;l&uuml;ğ&uuml; altına girmesinden hemen &ouml;nce a&ccedil;ık bir şekilde ayrıca g&ouml;stermek,</p>\r\n\r\n<p>b) Herhangi bir g&ouml;nderim kısıtlamasının uygulanıp uygulanmadığını ve hangi &ouml;deme ara&ccedil;larının kabul edildiğini, en ge&ccedil; t&uuml;ketici siparişini vermeden &ouml;nce, a&ccedil;ık ve anlaşılabilir bir şekilde belirtmek</p>\r\n\r\n<p>zorundadır.</p>\r\n\r\n<p>(3) Mesafeli s&ouml;zleşmenin sesli iletişim yoluyla kurulması halinde, satıcı veya sağlayıcı 5 inci maddenin birinci fıkrasının (a), (d), (g) ve (h) bentlerinde yer alan hususlarda, t&uuml;keticiyi sipariş vermeden hemen &ouml;nce a&ccedil;ık ve anlaşılır bir şekilde s&ouml;z konusu ortamda bilgilendirmek ve 5 inci maddenin birinci fıkrasında yer alan bilgilerin tamamını en ge&ccedil; mal teslimine veya hizmet ifasına kadar yazılı olarak g&ouml;ndermek zorundadır.</p>\r\n\r\n<p>(4) Siparişe ilişkin bilgilerin sınırlı alanda ya da zamanda sunulduğu bir ortam yoluyla mesafeli s&ouml;zleşmenin kurulması halinde, satıcı veya sağlayıcı 5 inci maddenin birinci fıkrasının (a), (b), (d), (g) ve (h) bentlerinde yer alan hususlarda, t&uuml;keticiyi sipariş vermeden hemen &ouml;nce a&ccedil;ık ve anlaşılabilir bir şekilde s&ouml;z konusu ortamda bilgilendirmek ve 5 inci maddenin birinci fıkrasında yer alan bilgilerin tamamını en ge&ccedil; mal teslimine veya hizmet ifasına kadar yazılı olarak g&ouml;ndermek zorundadır.</p>\r\n\r\n<p>(5) &Uuml;&ccedil;&uuml;nc&uuml; ve d&ouml;rd&uuml;nc&uuml; fıkralarda belirtilen y&ouml;ntemlerle kurulan ve anında ifa edilen hizmet satışlarına ilişkin s&ouml;zleşmelerde t&uuml;keticinin, sipariş vermeden hemen &ouml;nce s&ouml;z konusu ortamda 5 inci maddenin birinci fıkrasının sadece (a), (b), (d) ve (h) bentlerinde yer alan hususlarda a&ccedil;ık ve anlaşılır bir şekilde bilgilendirilmesi yeterlidir.</p>\r\n\r\n<p><strong>&Ouml;n bilgilerin teyidi</strong></p>\r\n\r\n<p><strong>MADDE 7 &ndash;</strong>&nbsp;(1) Satıcı veya sağlayıcı, t&uuml;keticinin 6&nbsp;ncı&nbsp;maddede belirtilen y&ouml;ntemlerle &ouml;n bilgileri edindiğini kullanılan uzaktan iletişim aracına uygun olarak teyit etmesini sağlamak zorundadır. Aksi halde s&ouml;zleşme kurulmamış sayılır.</p>\r\n\r\n<p><strong>&Ouml;n bilgilendirmeye ilişkin diğer y&uuml;k&uuml;ml&uuml;l&uuml;kler</strong></p>\r\n\r\n<p><strong>MADDE 8 &ndash;</strong>&nbsp;(1) Satıcı veya sağlayıcı, t&uuml;ketici siparişi onaylamadan hemen &ouml;nce, verilen siparişin &ouml;deme y&uuml;k&uuml;ml&uuml;l&uuml;ğ&uuml; anlamına geldiği hususunda t&uuml;keticiyi a&ccedil;ık ve anlaşılır bir şekilde bilgilendirmek zorundadır. Aksi halde t&uuml;ketici siparişi ile bağlı değildir.</p>\r\n\r\n<p>(2) T&uuml;keticinin mesafeli s&ouml;zleşme kurulması amacıyla satıcı veya sağlayıcı tarafından telefonla aranması durumunda, her g&ouml;r&uuml;şmenin başında satıcı veya sağlayıcı kimliğini, eğer bir başkası adına veya hesabına arıyorsa bu kişinin kimliğini ve g&ouml;r&uuml;şmenin ticari amacını a&ccedil;ıklamalıdır.</p>\r\n\r\n<p>&Uuml;&Ccedil;&Uuml;NC&Uuml; B&Ouml;L&Uuml;M</p>\r\n\r\n<p>Cayma Hakkının Kullanımı ve Tarafların Y&uuml;k&uuml;ml&uuml;l&uuml;kleri</p>\r\n\r\n<p><strong>Cayma hakkı</strong></p>\r\n\r\n<p><strong>MADDE 9 &ndash;</strong>&nbsp;(1) T&uuml;ketici, on d&ouml;rt g&uuml;n i&ccedil;inde herhangi bir gerek&ccedil;e g&ouml;stermeksizin ve cezai şart &ouml;demeksizin s&ouml;zleşmeden cayma hakkına sahiptir.</p>\r\n\r\n<p>(2) Cayma hakkı s&uuml;resi, hizmet ifasına ilişkin s&ouml;zleşmelerde s&ouml;zleşmenin kurulduğu g&uuml;n; mal teslimine ilişkin s&ouml;zleşmelerde ise t&uuml;keticinin veya t&uuml;ketici tarafından belirlenen &uuml;&ccedil;&uuml;nc&uuml; kişinin malı teslim aldığı g&uuml;n başlar. Ancak t&uuml;ketici, s&ouml;zleşmenin kurulmasından malın teslimine kadar olan s&uuml;re i&ccedil;inde de cayma hakkını kullanabilir.</p>\r\n\r\n<p>(3) Cayma hakkı s&uuml;resinin belirlenmesinde;</p>\r\n\r\n<p>a) Tek sipariş konusu olup ayrı&nbsp;ayrı&nbsp;teslim edilen mallarda, t&uuml;keticinin veya t&uuml;ketici tarafından belirlenen &uuml;&ccedil;&uuml;nc&uuml; kişinin son malı teslim aldığı g&uuml;n,</p>\r\n\r\n<p>b) Birden fazla par&ccedil;adan oluşan mallarda, t&uuml;keticinin veya t&uuml;ketici tarafından belirlenen &uuml;&ccedil;&uuml;nc&uuml; kişinin son par&ccedil;ayı teslim aldığı g&uuml;n,</p>\r\n\r\n<p>c) Belirli bir s&uuml;re boyunca malın d&uuml;zenli tesliminin yapıldığı s&ouml;zleşmelerde, t&uuml;keticinin veya t&uuml;ketici tarafından belirlenen &uuml;&ccedil;&uuml;nc&uuml; kişinin ilk malı teslim aldığı g&uuml;n</p>\r\n\r\n<p>esas&nbsp;alınır.</p>\r\n\r\n<p>(4) Malın satıcı tarafından taşıyıcıya teslimi, t&uuml;keticiye yapılan teslim olarak kabul edilmez.</p>\r\n\r\n<p>(5) Mal teslimi ile hizmet ifasının birlikte yapıldığı s&ouml;zleşmelerde, mal teslimine ilişkin cayma hakkı h&uuml;k&uuml;mleri uygulanır.</p>\r\n\r\n<p><strong>Eksik bilgilendirme</strong></p>\r\n\r\n<p><strong>MADDE 10 &ndash;</strong>&nbsp;(1) Satıcı veya sağlayıcı, cayma hakkı konusunda t&uuml;keticinin bilgilendirildiğini ispat etmekle y&uuml;k&uuml;ml&uuml;d&uuml;r. T&uuml;ketici, cayma hakkı konusunda gerektiği şekilde bilgilendirilmezse, cayma hakkını kullanmak i&ccedil;in on d&ouml;rt g&uuml;nl&uuml;k s&uuml;reyle bağlı değildir. Bu s&uuml;re her hal&uuml;karda cayma s&uuml;resinin bittiği tarihten itibaren bir yıl sonra sona erer.</p>\r\n\r\n<p>(2) Cayma hakkı konusunda gerektiği şekilde bilgilendirmenin bir yıllık s&uuml;re i&ccedil;inde yapılması halinde, on d&ouml;rt g&uuml;nl&uuml;k cayma hakkı s&uuml;resi, bu bilgilendirmenin gereği gibi yapıldığı g&uuml;nden itibaren işlemeye başlar.</p>\r\n\r\n<p><strong>Cayma hakkının kullanımı</strong></p>\r\n\r\n<p><strong>MADDE 11 &ndash;</strong>&nbsp;(1) Cayma hakkının kullanıldığına dair bildirimin cayma hakkı s&uuml;resi dolmadan, yazılı olarak veya kalıcı veri saklayıcısı ile satıcı veya sağlayıcıya y&ouml;neltilmesi yeterlidir.</p>\r\n\r\n<p>(2) Cayma hakkının kullanılmasında t&uuml;ketici,&nbsp;EK&rsquo;te&nbsp;yer alan formu kullanabileceği gibi cayma kararını bildiren a&ccedil;ık bir beyanda da bulunabilir. Satıcı veya sağlayıcı, t&uuml;keticinin bu formu doldurabilmesi veya cayma beyanını g&ouml;nderebilmesi i&ccedil;in internet sitesi &uuml;zerinden se&ccedil;enek de sunabilir.&nbsp;&nbsp;İnternet sitesi &uuml;zerinden t&uuml;keticilere cayma hakkı sunulması durumunda satıcı veya sağlayıcı, t&uuml;keticilerin iletmiş olduğu cayma taleplerinin kendilerine ulaştığına ilişkin teyit bilgisini t&uuml;keticiye derhal iletmek zorundadır.</p>\r\n\r\n<p>(3) Sesli iletişim yoluyla yapılan satışlarda, satıcı veya sağlayıcı,&nbsp;EK&rsquo;te&nbsp;yer alan formu en ge&ccedil; mal teslimine veya hizmet ifasına kadar t&uuml;keticiye g&ouml;ndermek zorundadır. T&uuml;ketici bu t&uuml;r satışlarda da cayma hakkını kullanmak i&ccedil;in bu formu kullanabileceği gibi, ikinci fıkradaki y&ouml;ntemleri de kullanabilir.</p>\r\n\r\n<p>(4) Bu maddede ge&ccedil;en cayma hakkının kullanımına ilişkin ispat y&uuml;k&uuml;ml&uuml;l&uuml;ğ&uuml; t&uuml;keticiye aittir.</p>\r\n\r\n<p><strong>Satıcı veya sağlayıcının y&uuml;k&uuml;ml&uuml;l&uuml;kleri</strong></p>\r\n\r\n<p><strong>MADDE 12 &ndash;</strong>&nbsp;(1) Satıcı veya sağlayıcı, t&uuml;keticinin cayma hakkını kullandığına ilişkin bildirimin kendisine ulaştığı tarihten itibaren on d&ouml;rt g&uuml;n i&ccedil;inde, varsa malın t&uuml;keticiye teslim masrafları da&nbsp;dahil&nbsp;olmak &uuml;zere tahsil edilen t&uuml;m &ouml;demeleri iade etmekle y&uuml;k&uuml;ml&uuml;d&uuml;r.</p>\r\n\r\n<p>(2) Satıcı veya sağlayıcı, birinci fıkrada belirtilen t&uuml;m geri &ouml;demeleri, t&uuml;keticinin satın alırken kullandığı &ouml;deme aracına uygun bir şekilde ve t&uuml;keticiye herhangi bir masraf veya y&uuml;k&uuml;ml&uuml;l&uuml;k getirmeden tek seferde yapmak zorundadır.</p>\r\n\r\n<p>(3) Cayma hakkının kullanımında, 5 inci maddenin birinci fıkrasının (g) bendi kapsamında, satıcının iade i&ccedil;in belirttiği taşıyıcı aracılığıyla malın geri g&ouml;nderilmesi halinde, t&uuml;ketici iadeye ilişkin masraflardan sorumlu tutulamaz. Satıcının &ouml;n bilgilendirmede iade i&ccedil;in herhangi bir taşıyıcıyı belirtmediği durumda ise, t&uuml;keticiden iade masrafına ilişkin herhangi bir bedel talep edilemez. İade i&ccedil;in &ouml;n bilgilendirmede belirtilen taşıyıcının, t&uuml;keticinin bulunduğu yerde şubesinin olmaması durumunda satıcı, ilave hi&ccedil;bir masraf talep etmeksizin iade edilmek istenen malın t&uuml;keticiden alınmasını sağlamakla y&uuml;k&uuml;ml&uuml;d&uuml;r.</p>\r\n\r\n<p><strong>T&uuml;keticinin y&uuml;k&uuml;ml&uuml;l&uuml;kleri</strong></p>\r\n\r\n<p><strong>MADDE 13 &ndash;</strong>&nbsp;(1) Satıcı veya sağlayıcı malı kendisinin geri alacağına dair bir teklifte bulunmadık&ccedil;a, t&uuml;ketici cayma hakkını kullandığına ilişkin bildirimi y&ouml;nelttiği tarihten itibaren on g&uuml;n i&ccedil;inde malı satıcı veya sağlayıcıya ya da yetkilendirmiş olduğu kişiye geri g&ouml;ndermek zorundadır.</p>\r\n\r\n<p>(2) T&uuml;ketici, cayma s&uuml;resi i&ccedil;inde malı, işleyişine, teknik &ouml;zelliklerine ve kullanım talimatlarına uygun bir şekilde kullandığı takdirde meydana gelen değişiklik ve bozulmalardan sorumlu değildir.</p>\r\n\r\n<p><strong>Cayma hakkının kullanımının yan s&ouml;zleşmelere etkisi</strong></p>\r\n\r\n<p><strong>MADDE 14 &ndash;</strong>&nbsp;(1) Kanunun 30 uncu maddesi h&uuml;k&uuml;mleri saklı kalmak koşuluyla, t&uuml;keticinin cayma hakkını kullanması durumunda yan s&ouml;zleşmeler de kendiliğinden sona erer. Bu durumda t&uuml;ketici, 13 &uuml;nc&uuml; maddenin ikinci fıkrasında belirtilen haller dışında herhangi bir masraf, tazminat veya cezai şart &ouml;demekle y&uuml;k&uuml;ml&uuml; değildir.</p>\r\n\r\n<p>(2) Satıcı veya sağlayıcı, t&uuml;keticinin cayma hakkını kullandığını yan s&ouml;zleşmenin tarafı olan &uuml;&ccedil;&uuml;nc&uuml; kişiye derhal bildirmelidir.</p>\r\n\r\n<p><strong>Cayma hakkının istisnaları</strong></p>\r\n\r\n<p><strong>MADDE 15 &ndash;</strong>&nbsp;(1) Taraflarca aksi kararlaştırılmadık&ccedil;a, t&uuml;ketici aşağıdaki s&ouml;zleşmelerde cayma hakkını kullanamaz:</p>\r\n\r\n<p>a) Fiyatı finansal piyasalardaki dalgalanmalara bağlı olarak değişen ve satıcı veya sağlayıcının kontrol&uuml;nde olmayan mal veya hizmetlere ilişkin s&ouml;zleşmeler.</p>\r\n\r\n<p>b) T&uuml;keticinin istekleri veya kişisel ihtiya&ccedil;ları doğrultusunda hazırlanan mallara ilişkin s&ouml;zleşmeler.</p>\r\n\r\n<p>c) &Ccedil;abuk bozulabilen veya son kullanma tarihi ge&ccedil;ebilecek malların teslimine ilişkin s&ouml;zleşmeler.</p>\r\n\r\n<p>&ccedil;) Tesliminden sonra ambalaj, bant, m&uuml;h&uuml;r, paket gibi koruyucu unsurları a&ccedil;ılmış olan mallardan; iadesi sağlık ve&nbsp;hijyen&nbsp;a&ccedil;ısından uygun olmayanların teslimine ilişkin s&ouml;zleşmeler.</p>\r\n\r\n<p>d) Tesliminden sonra başka &uuml;r&uuml;nlerle karışan ve doğası gereği ayrıştırılması m&uuml;mk&uuml;n olmayan mallara ilişkin s&ouml;zleşmeler.</p>\r\n\r\n<p>e) Malın tesliminden sonra ambalaj, bant, m&uuml;h&uuml;r, paket gibi koruyucu unsurları a&ccedil;ılmış olması halinde maddi ortamda sunulan kitap, dijital i&ccedil;erik ve bilgisayar sarf malzemelerine ilişkin s&ouml;zleşmeler.</p>\r\n\r\n<p>f) Abonelik s&ouml;zleşmesi kapsamında sağlananlar dışında, gazete ve dergi gibi s&uuml;reli yayınların teslimine ilişkin s&ouml;zleşmeler.</p>\r\n\r\n<p>g) Belirli bir tarihte veya d&ouml;nemde yapılması gereken, konaklama, eşya taşıma, araba kiralama, yiyecek-i&ccedil;ecek tedariki ve eğlence veya dinlenme amacıyla yapılan boş zamanın değerlendirilmesine ilişkin s&ouml;zleşmeler.</p>\r\n\r\n<p>ğ) Elektronik ortamda anında ifa edilen hizmetler veya t&uuml;keticiye anında teslim edilen&nbsp;gayrimaddi&nbsp;mallara ilişkin s&ouml;zleşmeler.</p>\r\n\r\n<p>h) Cayma hakkı s&uuml;resi sona ermeden &ouml;nce, t&uuml;keticinin onayı ile ifasına başlanan hizmetlere ilişkin s&ouml;zleşmeler.</p>\r\n\r\n<p>D&Ouml;RD&Uuml;NC&Uuml; B&Ouml;L&Uuml;M</p>\r\n\r\n<p>Diğer H&uuml;k&uuml;mler</p>\r\n\r\n<p><strong>S&ouml;zleşmenin ifası ve teslimat</strong></p>\r\n\r\n<p><strong>MADDE 16 &ndash;</strong>&nbsp;(1) Satıcı veya sağlayıcı, t&uuml;keticinin siparişinin kendisine ulaştığı tarihten itibaren taahh&uuml;t ettiği s&uuml;re i&ccedil;inde edimini yerine getirmek zorundadır. Mal satışlarında bu s&uuml;re her hal&uuml;karda otuz g&uuml;n&uuml; ge&ccedil;emez.</p>\r\n\r\n<p>(2) Satıcı veya sağlayıcının birinci fıkrada yer alan y&uuml;k&uuml;ml&uuml;l&uuml;ğ&uuml;n&uuml; yerine getirmemesi durumunda, t&uuml;ketici s&ouml;zleşmeyi feshedebilir.</p>\r\n\r\n<p>(3) S&ouml;zleşmenin feshi durumunda, satıcı veya sağlayıcı, varsa teslimat masrafları da d&acirc;hil olmak &uuml;zere tahsil edilen t&uuml;m &ouml;demeleri fesih bildiriminin kendisine ulaştığı tarihten itibaren on d&ouml;rt g&uuml;n i&ccedil;inde t&uuml;keticiye&nbsp;4/12/1984tarihli ve 3095 sayılı Kanuni Faiz ve Temerr&uuml;t Faizine İlişkin Kanunun 1 inci maddesine g&ouml;re belirlenen kanuni faiziyle birlikte geri &ouml;demek ve varsa t&uuml;keticiyi bor&ccedil; altına sokan t&uuml;m kıymetli evrak ve benzeri belgeleri iade etmek zorundadır.</p>\r\n\r\n<p>(4) Sipariş konusu mal ya da hizmet ediminin yerine getirilmesinin&nbsp;imkansızlaştığı&nbsp;hallerde satıcı veya sağlayıcının bu durumu &ouml;ğrendiği tarihten itibaren &uuml;&ccedil; g&uuml;n i&ccedil;inde t&uuml;keticiye yazılı olarak veya kalıcı veri saklayıcısı ile bildirmesi ve varsa teslimat masrafları da d&acirc;hil olmak &uuml;zere tahsil edilen t&uuml;m &ouml;demeleri bildirim tarihinden itibaren en ge&ccedil; on d&ouml;rt g&uuml;n i&ccedil;inde iade etmesi zorunludur. Malın stokta bulunmaması durumu, mal ediminin yerine getirilmesinin imk&acirc;nsızlaşması olarak kabul edilmez.</p>\r\n\r\n<p><strong>Zarardan sorumluluk</strong></p>\r\n\r\n<p><strong>MADDE 17 &ndash;</strong>&nbsp;(1) Satıcı, malın t&uuml;ketici ya da t&uuml;keticinin taşıyıcı dışında belirleyeceği &uuml;&ccedil;&uuml;nc&uuml; bir kişiye teslimine kadar oluşan kayıp ve hasarlardan sorumludur.</p>\r\n\r\n<p>(2) T&uuml;keticinin, satıcının belirlediği taşıyıcı dışında başka bir taşıyıcı ile malın g&ouml;nderilmesini talep etmesi durumunda, malın ilgili taşıyıcıya tesliminden itibaren oluşabilecek kayıp ya da hasardan satıcı sorumlu değildir.</p>\r\n\r\n<p><strong>Telefon kullanım &uuml;creti</strong></p>\r\n\r\n<p><strong>MADDE 18 &ndash;</strong>&nbsp;(1) Kurulmuş olan s&ouml;zleşmeye ilişkin olarak t&uuml;keticilerin iletişime ge&ccedil;ebilmesi i&ccedil;in satıcı veya sağlayıcı tarafından bir telefon hattı tahsis edilmesi durumunda, bu hat ile ilgili olarak satıcı veya sağlayıcı olağan &uuml;cret tarifesinden daha y&uuml;ksek bir tarife se&ccedil;emez.</p>\r\n\r\n<p><strong>İlave &ouml;demeler</strong></p>\r\n\r\n<p><strong>MADDE 19 &ndash;</strong>&nbsp;(1) S&ouml;zleşme kurulmadan &ouml;nce, s&ouml;zleşme y&uuml;k&uuml;ml&uuml;l&uuml;ğ&uuml;nden kaynaklanan ve &uuml;zerinde anlaşılmış esas bedel dışında herhangi bir ilave bedel talep edilebilmesi i&ccedil;in t&uuml;keticinin a&ccedil;ık onayının ayrıca alınması zorunludur.</p>\r\n\r\n<p>(2) T&uuml;keticinin a&ccedil;ık onayı alınmadan ilave &ouml;deme y&uuml;k&uuml;ml&uuml;l&uuml;ğ&uuml; doğuran se&ccedil;eneklerin kendiliğinden se&ccedil;ili olarak sunulmuş olmasından dolayı t&uuml;ketici bir &ouml;demede bulunmuş ise, satıcı veya sağlayıcı bu &ouml;demelerin iadesini derhal yapmak zorundadır.</p>\r\n\r\n<p><strong>Bilgilerin saklanması ve ispat y&uuml;k&uuml;ml&uuml;l&uuml;ğ&uuml;</strong></p>\r\n\r\n<p><strong>MADDE 20 &minus;</strong>&nbsp;(1) Satıcı veya sağlayıcı, bu Y&ouml;netmelik kapsamında d&uuml;zenlenen cayma hakkı, bilgilendirme, teslimat ve diğer hususlardaki y&uuml;k&uuml;ml&uuml;l&uuml;klerine dair her bir işleme ilişkin bilgi ve belgeyi &uuml;&ccedil; yıl boyunca saklamak zorundadır.</p>\r\n\r\n<p>(2) Oluşturdukları sistem &ccedil;er&ccedil;evesinde, uzaktan iletişim ara&ccedil;larını kullanmak veya kullandırmak suretiyle satıcı veya sağlayıcı adına mesafeli s&ouml;zleşme kurulmasına aracılık edenler, bu Y&ouml;netmelikte yer alan hususlardan dolayı satıcı veya sağlayıcı ile yapılan işlemlere ilişkin kayıtları &uuml;&ccedil; yıl boyunca tutmak ve istenilmesi halinde bu bilgileri ilgili kurum, kuruluş ve t&uuml;keticilere vermekle y&uuml;k&uuml;ml&uuml;d&uuml;r.</p>\r\n\r\n<p>(3) Satıcı veya sağlayıcı elektronik ortamda t&uuml;keticiye teslim edilen&nbsp;gayrimaddi&nbsp;malların veya ifa edilen hizmetlerin ayıpsız olduğunu ispatla y&uuml;k&uuml;ml&uuml;d&uuml;r.</p>\r\n\r\n<p>BEŞİNCİ B&Ouml;L&Uuml;M</p>\r\n\r\n<p>&Ccedil;eşitli ve Son H&uuml;k&uuml;mler</p>\r\n\r\n<p><strong>Y&uuml;r&uuml;rl&uuml;kten kaldırılan y&ouml;netmelik</strong></p>\r\n\r\n<p><strong>MADDE 21 &ndash;</strong>&nbsp;(1)&nbsp;6/3/2011&nbsp;tarihli ve 27866 sayılı Resm&icirc; Gazete&rsquo;de yayımlanan Mesafeli S&ouml;zleşmelere Dair Y&ouml;netmelik y&uuml;r&uuml;rl&uuml;kten kaldırılmıştır.</p>\r\n\r\n<p><strong>Y&uuml;r&uuml;rl&uuml;k</strong></p>\r\n\r\n<p><strong>MADDE 22 &ndash;</strong>&nbsp;(1) Bu Y&ouml;netmelik yayımı tarihinden itibaren &uuml;&ccedil; ay sonra y&uuml;r&uuml;rl&uuml;ğe girer.</p>\r\n\r\n<p><strong>Y&uuml;r&uuml;tme</strong></p>\r\n\r\n<p><strong>MADDE 23 &ndash;</strong>&nbsp;(1) Bu Y&ouml;netmelik h&uuml;k&uuml;mlerini G&uuml;mr&uuml;k ve Ticaret Bakanı y&uuml;r&uuml;t&uuml;r.</p>\r\n\r\n<p>&nbsp;</p>\r\n\r\n<p>&nbsp;</p>\r\n\r\n<p>EK</p>\r\n\r\n<p>&Ouml;RNEK CAYMA FORMU</p>\r\n\r\n<p>&nbsp;</p>\r\n\r\n<p>(Bu form, sadece s&ouml;zleşmeden cayma hakkı kullanılmak istenildiğinde doldurup</p>\r\n\r\n<p>g&ouml;nderilecektir.)</p>\r\n\r\n<p>&nbsp;</p>\r\n\r\n<p>&nbsp;</p>\r\n\r\n<p><strong>-Kime:</strong>&nbsp;(Satıcı veya sağlayıcı tarafından doldurulacak olan bu kısımda satıcı veya sağlayıcının ismi, unvanı, adresi varsa faks numarası ve e-posta adresi yer alacaktır.)</p>\r\n\r\n<p>&nbsp;</p>\r\n\r\n<p>&nbsp;</p>\r\n\r\n<p>-Bu formla aşağıdaki malların satışına veya hizmetlerin sunulmasına ilişkin s&ouml;zleşmeden cayma hakkımı kullandığımı beyan ederim.</p>\r\n\r\n<p>&nbsp;</p>\r\n\r\n<p>&nbsp;</p>\r\n\r\n<p><strong>-Sipariş tarihi veya teslim tarihi:</strong></p>\r\n\r\n<p>&nbsp;</p>\r\n\r\n<p>&nbsp;</p>\r\n\r\n<p><strong>-Cayma hakkına konu mal veya hizmet:</strong></p>\r\n\r\n<p>&nbsp;</p>\r\n\r\n<p>&nbsp;</p>\r\n\r\n<p><strong>-Cayma hakkına konu mal veya hizmetin bedeli:</strong></p>\r\n\r\n<p>&nbsp;</p>\r\n\r\n<p>&nbsp;</p>\r\n\r\n<p><strong>-T&uuml;keticinin adı ve soyadı:</strong></p>\r\n\r\n<p>&nbsp;</p>\r\n\r\n<p>&nbsp;</p>\r\n\r\n<p><strong>-T&uuml;keticinin adresi:</strong></p>\r\n\r\n<p>&nbsp;</p>\r\n\r\n<p>&nbsp;</p>\r\n\r\n<p><strong>-T&uuml;keticinin imzası:</strong>&nbsp;(Sadece&nbsp;kağıt&nbsp;&uuml;zerinde g&ouml;nderilmesi halinde)</p>\r\n\r\n<p>&nbsp;</p>\r\n\r\n<p>&nbsp;</p>\r\n\r\n<p><strong>-Tarih:</strong></p>\r\n\r\n<p>&nbsp;</p>\r\n', '', 20, '0', 'mesafeli-satis-sozlesmesi');

-- --------------------------------------------------------

--
-- Tablo için tablo yapısı `sepet`
--

CREATE TABLE `sepet` (
  `sepet_id` int(11) NOT NULL,
  `kullanici_id` int(11) NOT NULL,
  `urun_id` int(11) NOT NULL,
  `urun_adet` int(3) NOT NULL
) ENGINE=InnoDB DEFAULT CHARSET=utf8 COLLATE=utf8_turkish_ci;

--
-- Tablo döküm verisi `sepet`
--

INSERT INTO `sepet` (`sepet_id`, `kullanici_id`, `urun_id`, `urun_adet`) VALUES
(14, 161, 11, 1);

-- --------------------------------------------------------

--
-- Tablo için tablo yapısı `siparis`
--

CREATE TABLE `siparis` (
  `siparis_id` int(11) NOT NULL,
  `siparis_zaman` timestamp NOT NULL DEFAULT CURRENT_TIMESTAMP,
  `siparis_no` int(11) DEFAULT NULL,
  `kullanici_id` int(11) NOT NULL,
  `siparis_toplam` float(9,2) NOT NULL,
  `siparis_tip` varchar(50) NOT NULL,
  `siparis_banka` varchar(50) NOT NULL,
  `siparis_odeme` enum('0','1') NOT NULL DEFAULT '0'
) ENGINE=InnoDB DEFAULT CHARSET=utf8 COLLATE=utf8_turkish_ci;

--
-- Tablo döküm verisi `siparis`
--

INSERT INTO `siparis` (`siparis_id`, `siparis_zaman`, `siparis_no`, `kullanici_id`, `siparis_toplam`, `siparis_tip`, `siparis_banka`, `siparis_odeme`) VALUES
(750013, '2020-05-29 16:31:09', NULL, 159, 7500.00, 'Banka Havalesi', ' Garanti Bankası ', '0'),
(750014, '2020-05-29 20:28:28', NULL, 161, 11999.00, 'Banka Havalesi', ' Garanti Bankası ', '0'),
(750015, '2020-05-30 18:20:21', NULL, 161, 11999.00, 'Banka Havalesi', ' Garanti Bankası ', '0'),
(750016, '2020-06-03 12:07:33', NULL, 161, 28997.00, 'Banka Havalesi', ' Garanti Bankası ', '0'),
(750017, '2020-06-03 21:04:57', NULL, 161, 8299.00, 'Banka Havalesi', ' TEB Bankası ', '0');

-- --------------------------------------------------------

--
-- Tablo için tablo yapısı `siparis_detay`
--

CREATE TABLE `siparis_detay` (
  `siparisdetay_id` int(11) NOT NULL,
  `siparis_id` int(11) NOT NULL,
  `urun_id` int(11) NOT NULL,
  `urun_fiyat` float(9,2) NOT NULL,
  `urun_adet` int(3) NOT NULL
) ENGINE=InnoDB DEFAULT CHARSET=utf8 COLLATE=utf8_turkish_ci;

--
-- Tablo döküm verisi `siparis_detay`
--

INSERT INTO `siparis_detay` (`siparisdetay_id`, `siparis_id`, `urun_id`, `urun_fiyat`, `urun_adet`) VALUES
(13, 750013, 10, 7500.00, 1),
(14, 750014, 12, 11999.00, 1),
(15, 750015, 12, 11999.00, 1),
(16, 750016, 21, 9999.00, 1),
(17, 750016, 20, 9999.00, 1),
(18, 750016, 17, 8999.00, 1),
(19, 750017, 13, 8299.00, 1);

-- --------------------------------------------------------

--
-- Tablo için tablo yapısı `slider`
--

CREATE TABLE `slider` (
  `slider_id` int(11) NOT NULL,
  `slider_ad` varchar(100) CHARACTER SET utf8 COLLATE utf8_turkish_ci NOT NULL,
  `slider_resimyol` varchar(250) CHARACTER SET utf8 COLLATE utf8_turkish_ci NOT NULL,
  `slider_sira` int(2) NOT NULL,
  `slider_link` varchar(250) CHARACTER SET utf8 COLLATE utf8_turkish_ci NOT NULL,
  `slider_durum` enum('0','1') CHARACTER SET utf8 COLLATE utf8_turkish_ci NOT NULL DEFAULT '1'
) ENGINE=InnoDB DEFAULT CHARSET=utf8 COLLATE=utf8_turkish_ci;

--
-- Tablo döküm verisi `slider`
--

INSERT INTO `slider` (`slider_id`, `slider_ad`, `slider_resimyol`, `slider_sira`, `slider_link`, `slider_durum`) VALUES
(18, '', 'dimg/slider/20846275322536127532bilgisayar.png', 2, '', '1'),
(19, '', 'dimg/slider/20900299113070831773telefon.png', 3, '', '1'),
(20, '', 'dimg/slider/22477281163022330366kitap.png', 4, '', '1');

-- --------------------------------------------------------

--
-- Tablo için tablo yapısı `urun`
--

CREATE TABLE `urun` (
  `urun_id` int(11) NOT NULL,
  `kategori_id` int(11) NOT NULL,
  `urun_zaman` timestamp NOT NULL DEFAULT CURRENT_TIMESTAMP,
  `urun_ad` varchar(250) NOT NULL,
  `urun_seourl` varchar(250) NOT NULL,
  `urun_detay` text NOT NULL,
  `urun_fiyat` float(9,2) NOT NULL,
  `urun_video` varchar(50) NOT NULL,
  `urun_keyword` varchar(250) NOT NULL,
  `urun_stok` int(11) NOT NULL,
  `urun_durum` enum('0','1') NOT NULL,
  `urun_onecikar` enum('0','1') NOT NULL DEFAULT '0'
) ENGINE=InnoDB DEFAULT CHARSET=utf8 COLLATE=utf8_turkish_ci;

--
-- Tablo döküm verisi `urun`
--

INSERT INTO `urun` (`urun_id`, `kategori_id`, `urun_zaman`, `urun_ad`, `urun_seourl`, `urun_detay`, `urun_fiyat`, `urun_video`, `urun_keyword`, `urun_stok`, `urun_durum`, `urun_onecikar`) VALUES
(10, 6, '2020-05-21 21:13:43', 'Acer Nitro 5 AN515-54-53QW', 'acer-nitro-5-an515-54-53qw', '<p>Ekran Boyutu: 15.6 İn&ccedil;</p>\r\n\r\n<p>Ekran &Ccedil;&ouml;z&uuml;n&uuml;rl&uuml;ğ&uuml;:1920x1080 Piksel</p>\r\n\r\n<p>İşlemci Modeli: Intel Core i5-9300H</p>\r\n\r\n<p>Bellek (RAM): 8 GB</p>\r\n\r\n<p>İşletim Sistemi: FreeDOS</p>\r\n\r\n<p>Ekran Kartı Modeli: NVIDIA GeForce GTX 1650</p>\r\n\r\n<p>Sabit Disk (HDD) Boyutu: 1 TB</p>\r\n\r\n<p>Sabit Disk (SSD) Boyutu: 128 GB</p>\r\n', 7500.00, 'lJFfIo_YsaE', 'gaming,laptop,gaming laptop', 25, '1', '0'),
(11, 4, '2020-05-29 17:32:33', 'Samsung Galaxy S20 Ultra', 'samsung-galaxy-s20-ultra', '<p>Ekran Boyutu: 6.9 İn&ccedil;</p>\r\n\r\n<p>Ekran Teknolojisi: Dynamic AMOLED</p>\r\n\r\n<p>Ekran &Ccedil;&ouml;z&uuml;n&uuml;rl&uuml;ğ&uuml;: 1440x3200 (QHD+) Piksel</p>\r\n\r\n<p>Ekran &Ccedil;&ouml;z&uuml;n&uuml;rl&uuml;ğ&uuml; Standardı: QHD+</p>\r\n\r\n<p>Piksel Yoğunluğu: 511 PPI</p>\r\n\r\n<p>Ekran Yenileme Hızı: 120 Hz</p>\r\n\r\n<p>Ekran Oranı (Aspect Ratio): 20:9</p>\r\n\r\n<p>Ekran Alanı: 114.62 cm&sup2;</p>\r\n\r\n<p>Ekran &Ouml;zellikleri: HDR &Ccedil;izilmeye Diren&ccedil;li Cam DCI-P3 Renk Uzayı HDR10 Multi Touch HDR10+ &Ccedil;er&ccedil;evesiz Tasarım S&uuml;rekli A&ccedil;ık Ekran (Always-on Display) Ekran İ&ccedil;inde &Ouml;n Kamera 120Hz Ekran Yenileme</p>\r\n\r\n<p>Ekran Dayanıklılığı: Corning Gorilla Glass 6</p>\r\n\r\n<p>Dokunmatik T&uuml;r&uuml;: Kapasitif Ekran</p>\r\n\r\n<p>Renk Sayısı:16 Milyon</p>\r\n\r\n<p>Ekran / G&ouml;vde Oranı: 90.36 %</p>\r\n\r\n<p>Yonga Seti (Chipset): Samsung Exynos 990</p>\r\n\r\n<p>Ana İşlemci (CPU): Dual-core 2.73 GHz Mongoose M5</p>\r\n\r\n<p>CPU Frekansı: 2.73 GHz</p>\r\n\r\n<p>CPU &Ccedil;ekirdeği: 8 &Ccedil;ekirdek</p>\r\n\r\n<p>İşlemci Mimarisi: 64-bit</p>\r\n\r\n<p>1. Yardımcı İşlemci: Dual-core 2.6 GHz ARM Cortex-A76</p>\r\n\r\n<p>2. Yardımcı İşlemci: Quad-core 2.00 GHz ARM Cortex-A55</p>\r\n\r\n<p>Grafik İşlemcisi (GPU): Mali-G77 MP11</p>\r\n\r\n<p>CPU &Uuml;retim Teknolojisi: 7 nm</p>\r\n\r\n<p>AnTuTu Puanı (v7): 416.000 Puan</p>\r\n\r\n<p>AnTuTu Puanı (v8): 523.600 Puan</p>\r\n\r\n<p>Bellek (RAM): 12 GB</p>\r\n\r\n<p>RAM Tipi: LPDDR5</p>\r\n\r\n<p>Dahili Depolama: 128 GB</p>\r\n\r\n<p>Dahili Depolama Bi&ccedil;imi: UFS 3.0</p>\r\n\r\n<p>Hafıza Kartı Desteği: Var</p>\r\n\r\n<p>Hafıza Kartı Maks. Kapasitesi: 1 TB</p>\r\n\r\n<p>Diğer Chipset Se&ccedil;enekleri: Qualcomm Snapdragon 865 (SM8250)</p>\r\n\r\n<p>Diğer Bellek (RAM) Se&ccedil;enekleri: 12/16GB RAM se&ccedil;eneği var</p>\r\n\r\n<p>Diğer Hafıza Se&ccedil;enekleri: 128/256/512GB Depolama se&ccedil;eneği var</p>\r\n', 10699.00, 'ctg8APPAAec', 'Samsung s20 ultra, samsung, s20, galaxy s20', 100, '1', '1'),
(12, 4, '2020-05-29 18:01:57', 'Huawei P40 Pro', 'huawei-p40-pro', '<p><strong>EKRAN</strong></p>\r\n\r\n<p>Ekran Boyutu: 6.58 İn&ccedil;</p>\r\n\r\n<p>Ekran Teknolojisi:OLED</p>\r\n\r\n<p>Ekran &Ccedil;&ouml;z&uuml;n&uuml;rl&uuml;ğ&uuml;: 1200x2640 (FHD+) Piksel</p>\r\n\r\n<p>Ekran &Ccedil;&ouml;z&uuml;n&uuml;rl&uuml;ğ&uuml; Standardı: FHD+</p>\r\n\r\n<p>Piksel Yoğunluğu: 441 PPI</p>\r\n\r\n<p>Ekran Yenileme Hızı: 90 Hz</p>\r\n\r\n<p>Ekran Oranı (Aspect Ratio): 19.8:9</p>\r\n\r\n<p>Ekran Alanı: 104.03 cm&sup2;</p>\r\n\r\n<p>Ekran &Ouml;zellikleri: HDRDCI-P3 Renk Uzayı Multi Touch &Ccedil;er&ccedil;evesiz Tasarım S&uuml;rekli A&ccedil;ık Ekran (Always-on Display) Eğimli Ekran (3D) Ekran İ&ccedil;inde &Ouml;n Kamera Flex OLED 90Hz Ekran Yenileme</p>\r\n\r\n<p>Dokunmatik T&uuml;r&uuml;: Kapasitif Ekran</p>\r\n\r\n<p>Renk Sayısı: 16 Milyon</p>\r\n\r\n<p>Ekran / G&ouml;vde Oranı: 90.57 %</p>\r\n\r\n<p><strong>TEMEL DONANIM</strong></p>\r\n\r\n<p>Yonga Seti (Chipset): Huawei Kirin 990 5G</p>\r\n\r\n<p>Ana İşlemci (CPU): Dual-core 2.86 GHz ARM Cortex-A76</p>\r\n\r\n<p>CPU Frekansı: 2.86 GHz</p>\r\n\r\n<p>CPU &Ccedil;ekirdeği: 8 &Ccedil;ekirdek</p>\r\n\r\n<p>İşlemci Mimarisi: 64-bit</p>\r\n\r\n<p>1. Yardımcı İşlemci: Dual-core 2.36 GHz ARM Cortex-A76</p>\r\n\r\n<p>2. Yardımcı İşlemci: Quad-core 1.95 GHz ARM Cortex-A55</p>\r\n\r\n<p>Grafik İşlemcisi (GPU): Mali-G76 MC16</p>\r\n\r\n<p>CPU &Uuml;retim Teknolojisi: 7 nm</p>\r\n\r\n<p>AnTuTu Puanı (v8): 496.400 Puan</p>\r\n\r\n<p>Bellek (RAM): 8 GB</p>\r\n\r\n<p>Dahili Depolama: 256 GB</p>\r\n\r\n<p>Hafıza Kartı Desteği: Var</p>\r\n\r\n<p>Hafıza Kartı Maks. Kapasitesi: 256 GB(NM Card)</p>\r\n\r\n<p><strong>KAMERA</strong></p>\r\n\r\n<p>Kamera &Ccedil;&ouml;z&uuml;n&uuml;rl&uuml;ğ&uuml;: 50 MP</p>\r\n\r\n<p>Optik G&ouml;r&uuml;nt&uuml; Sabitleyici: Var</p>\r\n\r\n<p>Kamera &Ouml;zellikleri: Multi-Spectrum Colour Temperature Sensor Phase Detect Auto-Focus - PDAF (Octa Pixel) Portre Modu (Bokeh) Phase Detect Auto-Focus (PDAF) Color Spectrum Sensor Leica Optik Hızlı Odaklama Tam Manuel Kontrol Depth of Field (DOF) Yapay Zeka (AI) Destekli Portre Modu HDR Perde Hızı (Shutter Speed): 32 snYapay Zeka (AI) Sahne Algılama Perde Hızı (Shutter Speed) Kontrol&uuml; Panorama RAW Kayıt Yapabilme Otomatik odaklama Sesli komut Coğrafi konum etiketleme Makro (Macro) &Ccedil;ekim (2.5 cm) Seri &Ccedil;ekim (Burst) Modu Zamanlayıcı</p>\r\n\r\n<p>Flaş: Dual-LED&Ccedil;ift Tonlu</p>\r\n\r\n<p>Diyafram A&ccedil;ıklığı: F1.9</p>\r\n\r\n<p>Odak Uzaklığı: 23 mm</p>\r\n\r\n<p>Kamera Sens&ouml;r Boyutu: 1/1.28 İn&ccedil;</p>\r\n\r\n<p>Video Kayıt &Ccedil;&ouml;z&uuml;n&uuml;rl&uuml;ğ&uuml;: 2160p (Ultra HD) 4K</p>\r\n\r\n<p>Video FPS Değeri: 60 fps</p>\r\n\r\n<p>Video Kayıt &Ouml;zellikleri: Dijital g&ouml;r&uuml;nt&uuml; sabitleyici (EIS) Optik G&ouml;r&uuml;nt&uuml; Sabitleme (OIS) Portre Modu (Bokeh) Time-lapse Video Kayıt Yavaş &Ccedil;ekim Video Kayıt (Slow motion video)</p>\r\n\r\n<p>Video Kayıt Se&ccedil;enekleri: 720p @ 7680fps1080p @ 30fps1080p @ 60fps2160p @ 30fps2160p @ 60fps</p>\r\n\r\n<p>İkinci Arka Kamera: Var</p>\r\n\r\n<p>İkinci Arka Kamera &Ccedil;&ouml;z&uuml;n&uuml;rl&uuml;ğ&uuml;: 40 MP</p>\r\n\r\n<p>İkinci Arka Kamera Diyafram: F1.8</p>\r\n\r\n<p>İkinci Arka Kamera &Ouml;zellikleri: Ekstra Geniş A&ccedil;ı Makro (Macro) &Ccedil;ekim Otomatik Odaklama Phase Detect Auto-Focus (PDAF)1/1.54 Sens&ouml;r Boyutu 18mm</p>\r\n\r\n<p>&Uuml;&ccedil;&uuml;nc&uuml; Arka Kamera: Var</p>\r\n\r\n<p>&Uuml;&ccedil;&uuml;nc&uuml; Arka Kamera &Ccedil;&ouml;z&uuml;n&uuml;rl&uuml;ğ&uuml;: 12 MP</p>\r\n\r\n<p>&Uuml;&ccedil;&uuml;nc&uuml; Arka Kamera Diyafram: F3.4</p>\r\n\r\n<p>&Uuml;&ccedil;&uuml;nc&uuml; Arka Kamera &Ouml;zellikleri: Optik G&ouml;r&uuml;nt&uuml; Sabitleyici (OIS) Optik Zoom (5x) Otomatik Odaklama Phase Detect Auto-Focus (PDAF) Telephoto125mm</p>\r\n\r\n<p>D&ouml;rd&uuml;nc&uuml; Arka Kamera: Var</p>\r\n\r\n<p>D&ouml;rd&uuml;nc&uuml; Arka Kamera &Ouml;zellikleri: TOF (Time of Flight) 3D</p>\r\n\r\n<p>İkinci &Ouml;n Kamera: Var</p>\r\n\r\n<p>İkinci &Ouml;n Kamera &Ouml;zellikleri: Kızıl&ouml;tesi (IR) KameraTOF (Time of Flight) 3D</p>\r\n\r\n<p>&Ouml;n Kamera &Ccedil;&ouml;z&uuml;n&uuml;rl&uuml;ğ&uuml;: 32 MP</p>\r\n\r\n<p>&Ouml;n Kamera Video &Ccedil;&ouml;z&uuml;n&uuml;rl&uuml;ğ&uuml;: 2160p</p>\r\n\r\n<p>&Ouml;n Kamera FPS Değeri: 60 fps</p>\r\n\r\n<p>&Ouml;n Kamera Diyafram A&ccedil;ıklığı: F2.2</p>\r\n\r\n<p>&Ouml;n Kamera &Ouml;zellikleriPortre Modu: HDR Otomatik Odaklama</p>\r\n\r\n<p>DxOMark Camera Puanı: 128 Puan</p>\r\n\r\n<p>&nbsp;</p>\r\n', 11999.00, '9snXD4GWxOM', 'huawei p40 pro,huawei, p40', 100, '1', '1'),
(13, 4, '2020-05-29 18:36:53', ' Xiaomi Mi 10', 'xiaomi-mi-10', '<p><strong>EKRAN</strong></p>\r\n\r\n<p>Ekran Boyutu: 6.67 İn&ccedil;</p>\r\n\r\n<p>Ekran Teknolojisi: AMOLED</p>\r\n\r\n<p>Ekran &Ccedil;&ouml;z&uuml;n&uuml;rl&uuml;ğ&uuml;: 1080x2340 (FHD+) Piksel</p>\r\n\r\n<p>Ekran &Ccedil;&ouml;z&uuml;n&uuml;rl&uuml;ğ&uuml;:&nbsp; StandardıFHD+</p>\r\n\r\n<p>Piksel Yoğunluğu: 386 PPI</p>\r\n\r\n<p>Ekran Yenileme Hızı: 90 Hz</p>\r\n\r\n<p>Ekran Oranı (Aspect Ratio): 19.5:9</p>\r\n\r\n<p>Ekran Alanı: 108.96 cm&sup2;</p>\r\n\r\n<p>Ekran &Ouml;zellikleri: HDR &Ccedil;izilmeye Diren&ccedil;li Cam DCI-P3 Renk Uzayı HDR10 Multi Touch Delta-E &lt; 1.1HDR10+ &Ccedil;er&ccedil;evesiz Tasarım S&uuml;rekli A&ccedil;ık Ekran (Always-on Display) DCI-P3 100% Ekran İ&ccedil;inde &Ouml;n Kamera 90Hz Ekran Yenileme 1120 cd/m&sup2; (nit) Parlaklık (Maks.) 5000000:1 Kontrast Oranı</p>\r\n\r\n<p>Ekran Dayanıklılığı: Corning Gorilla Glass 5</p>\r\n\r\n<p>Dokunmatik T&uuml;r&uuml;: Kapasitif Ekran</p>\r\n\r\n<p>Renk Sayısı: 16 Milyon</p>\r\n\r\n<p>Ekran / G&ouml;vde Oranı: 89.64 %</p>\r\n\r\n<p><strong>TEMEL DONANIM</strong></p>\r\n\r\n<p>Yonga Seti (Chipset): Qualcomm Snapdragon 865 (SM8250)</p>\r\n\r\n<p>Ana İşlemci (CPU): Single-core 2.84 GHz Kryo 585 (ARM Cortex-A77)</p>\r\n\r\n<p>CPU Frekansı: 2.84 GHz</p>\r\n\r\n<p>CPU &Ccedil;ekirdeği: 8 &Ccedil;ekirdek</p>\r\n\r\n<p>İşlemci Mimarisi: 64-bit</p>\r\n\r\n<p>1. Yardımcı İşlemci: Triple-core 2.4 GHz Kryo 585 (ARM Cortex-A77)</p>\r\n\r\n<p>2. Yardımcı İşlemci: Quad-core 1.8 GHz (ARM Cortex-A55)</p>\r\n\r\n<p>Grafik İşlemcisi (GPU): Adreno 650</p>\r\n\r\n<p>GPU Frekansı: 587 MHz</p>\r\n\r\n<p>CPU &Uuml;retim Teknolojisi: 7 nm</p>\r\n\r\n<p>AnTuTu Puanı (v8):570.900 Puan</p>\r\n\r\n<p>Bellek (RAM): 8 GB</p>\r\n\r\n<p>RAM Tipi: LPDDR5</p>\r\n\r\n<p>Dahili Depolama: 256 GB</p>\r\n\r\n<p>Dahili Depolama Bi&ccedil;imi: UFS 3.0</p>\r\n\r\n<p>Hafıza Kartı Desteği: Yok</p>\r\n\r\n<p>Diğer Bellek (RAM) Se&ccedil;enekleri: 8/12GB RAM se&ccedil;eneği var</p>\r\n\r\n<p>Diğer Hafıza Se&ccedil;enekleri: 128/256GB Depolama se&ccedil;eneği var</p>\r\n\r\n<p><strong>KAMERA</strong></p>\r\n\r\n<p>Kamera &Ccedil;&ouml;z&uuml;n&uuml;rl&uuml;ğ&uuml;: 108 MP</p>\r\n\r\n<p>Optik G&ouml;r&uuml;nt&uuml; Sabitleyici: Var</p>\r\n\r\n<p>Kamera &Ouml;zellikleri: Portre Modu (Bokeh) HDR Yapay Zeka (AI) Sahne Algılama Otomatik odaklama Coğrafi konum etiketleme Makro (Macro) &Ccedil;ekim (2 cm) Samsung ISOCELL Bright HMX Seri &Ccedil;ekim (Burst) Modu0.8&mu;m (1.6&mu;m) Piksel7 Elementli Lens</p>\r\n\r\n<p>Flaş: Dual-LED&Ccedil;ift Tonlu</p>\r\n\r\n<p>Diyafram A&ccedil;ıklığı: F1.69</p>\r\n\r\n<p>Odak Uzaklığı: 25 mm</p>\r\n\r\n<p>Kamera Sens&ouml;r Boyutu: 1/1.33 İn&ccedil;</p>\r\n\r\n<p>Video Kayıt &Ccedil;&ouml;z&uuml;n&uuml;rl&uuml;ğ&uuml;: 4320p (Ultra HD) 8K</p>\r\n\r\n<p>Video FPS Değeri: 30 fps</p>\r\n\r\n<p>Video Kayıt &Ouml;zellikleri: Dijital g&ouml;r&uuml;nt&uuml; sabitleyici (EIS) Optik G&ouml;r&uuml;nt&uuml; Sabitleme (OIS) Portre Modu (Bokeh) Time-lapse Video Kayıt Yavaş &Ccedil;ekim Video Kayıt (Slow motion video)</p>\r\n\r\n<p>Video Kayıt Se&ccedil;enekleri: 720p @ 120fps720p @ 30fps1080p @ 30fps1080p @ 60fps2160p @ 30fps2160p @ 60fps4320p @ 30fps</p>\r\n\r\n<p>İkinci Arka Kamera: Var</p>\r\n\r\n<p>İkinci Arka Kamera &Ccedil;&ouml;z&uuml;n&uuml;rl&uuml;ğ&uuml;: 13 MP</p>\r\n\r\n<p>İkinci Arka Kamera Diyafram: F2.4</p>\r\n\r\n<p>İkinci Arka Kamera &Ouml;zellikleri: Ekstra Geniş A&ccedil;ı Ekstra Geniş A&ccedil;ı (123&deg;) 1.12&mu;m Piksel</p>\r\n\r\n<p>&Uuml;&ccedil;&uuml;nc&uuml; Arka Kamera: Var</p>\r\n\r\n<p>&Uuml;&ccedil;&uuml;nc&uuml; Arka Kamera &Ccedil;&ouml;z&uuml;n&uuml;rl&uuml;ğ&uuml;: 2 MP</p>\r\n\r\n<p>&Uuml;&ccedil;&uuml;nc&uuml; Arka Kamera Diyafram: F2.4</p>\r\n\r\n<p>&Uuml;&ccedil;&uuml;nc&uuml; Arka Kamera &Ouml;zellikleri: Makro (Macro) &Ccedil;ekim 1.75&mu;m Piksel</p>\r\n\r\n<p>D&ouml;rd&uuml;nc&uuml; Arka Kamera: Var</p>\r\n\r\n<p>D&ouml;rd&uuml;nc&uuml; Arka Kamera &Ccedil;&ouml;z&uuml;n&uuml;rl&uuml;ğ&uuml;: 2 MP</p>\r\n\r\n<p>D&ouml;rd&uuml;nc&uuml; Arka Kamera Diyafram: F2.4</p>\r\n\r\n<p>D&ouml;rd&uuml;nc&uuml; Arka Kamera &Ouml;zellikleri: Derinlik Algısı (Bokeh)1.75 &micro;m Piksel</p>\r\n\r\n<p>&Ouml;n Kamera &Ccedil;&ouml;z&uuml;n&uuml;rl&uuml;ğ&uuml;: 20 MP</p>\r\n\r\n<p>&Ouml;n Kamera Video &Ccedil;&ouml;z&uuml;n&uuml;rl&uuml;ğ&uuml;: 1080p</p>\r\n\r\n<p>&Ouml;n Kamera FPS Değeri: 30 fps</p>\r\n\r\n<p>&Ouml;n Kamera Diyafram A&ccedil;ıklığı: F2.0</p>\r\n\r\n<p>&Ouml;n Kamera Sens&ouml;r Boyutu: 1/3 Inch</p>\r\n\r\n<p>&Ouml;n Kamera &Ouml;zellikleri: Portre Modu Yapay Zeka (AI) Destekli Portre Modu HDR Sanal Flaş Yapay Zeka (AI) Sahne Algılama Yavaş &Ccedil;ekim (Slow Motion) Video Kayıt Gesture Shot Yapay Zeka (AI) İyileştirme Zamanlayıcı (self-timer)720p @ 120fps Kayıt</p>\r\n', 8299.00, 'orVS--i52FE', 'xiaomi mi 10 pro, mi 10, ', 100, '1', '1'),
(14, 4, '2020-05-29 18:44:51', ' Huawei Mate 30 Pro', 'huawei-mate-30-pro', '<p><strong>EKRAN</strong></p>\r\n\r\n<p>Ekran Boyutu: 6.53 İn&ccedil;</p>\r\n\r\n<p>Ekran Teknolojisi: OLED</p>\r\n\r\n<p>Ekran &Ccedil;&ouml;z&uuml;n&uuml;rl&uuml;ğ&uuml;: 1176x2400 (FHD+) Piksel</p>\r\n\r\n<p>Ekran &Ccedil;&ouml;z&uuml;n&uuml;rl&uuml;ğ&uuml;: StandardıFHD+</p>\r\n\r\n<p>Piksel Yoğunluğu: 409 PPI</p>\r\n\r\n<p>Ekran Yenileme Hızı: 60 Hz</p>\r\n\r\n<p>Ekran Oranı (Aspect Ratio): 18.4:9</p>\r\n\r\n<p>Ekran Alanı: 107.5 cm&sup2;</p>\r\n\r\n<p>Ekran &Ouml;zellikleri: HDR &Ccedil;izilmeye Diren&ccedil;li Cam DCI-P3 Renk Uzayı HDR10 Multi Touch Eldiven Uyumu (GloveTouch) &Ccedil;er&ccedil;evesiz Tasarım S&uuml;rekli A&ccedil;ık Ekran (Always-on Display) &Ccedil;entikli (Notch) Eğimli Ekran (3D)</p>\r\n\r\n<p>Dokunmatik T&uuml;r&uuml;: Kapasitif Ekran</p>\r\n\r\n<p>Renk Sayısı: 16 Milyon</p>\r\n\r\n<p>Ekran / G&ouml;vde Oranı: 93.02 %</p>\r\n\r\n<p><strong>TEMEL DONANIM</strong></p>\r\n\r\n<p>Yonga Seti (Chipset): Huawei Kirin 990</p>\r\n\r\n<p>Ana İşlemci (CPU): Dual-core 2.86 GHz ARM Cortex-A76</p>\r\n\r\n<p>CPU Frekansı: 2.86 GHz</p>\r\n\r\n<p>CPU &Ccedil;ekirdeği: 8 &Ccedil;ekirdek</p>\r\n\r\n<p>İşlemci Mimarisi: 64-bit</p>\r\n\r\n<p>1. Yardımcı İşlemci: Dual-core 2.09 GHz ARM Cortex-A76</p>\r\n\r\n<p>2. Yardımcı İşlemci: Quad-core 1.86 GHz ARM Cortex-A55</p>\r\n\r\n<p>Grafik İşlemcisi (GPU): Mali-G76 MC16</p>\r\n\r\n<p>CPU &Uuml;retim Teknolojisi: 7 nm</p>\r\n\r\n<p>AnTuTu Puanı (v8): 489.100 Puan</p>\r\n\r\n<p>Bellek (RAM): 8 GB</p>\r\n\r\n<p>RAM Tipi: LPDDR4x</p>\r\n\r\n<p>Dahili Depolama: 256 GB</p>\r\n\r\n<p>Hafıza Kartı Desteği: Var</p>\r\n\r\n<p>Hafıza Kartı Maks. Kapasitesi: 256GB (NM Card)</p>\r\n\r\n<p><strong>KAMERA</strong></p>\r\n\r\n<p>Kamera &Ccedil;&ouml;z&uuml;n&uuml;rl&uuml;ğ&uuml;: 40 MP</p>\r\n\r\n<p>Optik G&ouml;r&uuml;nt&uuml; Sabitleyici: Var</p>\r\n\r\n<p>Kamera &Ouml;zellikleri: Portre Modu (Bokeh) Phase Detect Auto-Focus (PDAF) Leica Optik Hızlı Odaklama Tam Manuel Kontrol Depth of Field (DOF) HDR Yapay Zeka (AI) Nesne AlgılamaYapay Zeka (AI) Sahne Algılama Odak Takibi Perde Hızı (Shutter Speed) Kontrol&uuml; HDR+ Panorama RAW Kayıt Yapabilme Otomatik odaklama Coğrafi konum etiketleme Contrast Detection Auto-Focus (CDAF) Zamanlayıcı</p>\r\n\r\n<p>Flaş: Dual-LED</p>\r\n\r\n<p>Diyafram A&ccedil;ıklığı: F1.6</p>\r\n\r\n<p>Odak Uzaklığı: 27 mm</p>\r\n\r\n<p>Video Kayıt &Ccedil;&ouml;z&uuml;n&uuml;rl&uuml;ğ&uuml;: 2160p (Ultra HD) 4K</p>\r\n\r\n<p>Video FPS Değeri: 60 fps</p>\r\n\r\n<p>Video Kayıt &Ouml;zellikleri: Dijital g&ouml;r&uuml;nt&uuml; sabitleyici (EIS) Optik G&ouml;r&uuml;nt&uuml; Sabitleme (OIS) Portre Modu (Bokeh) Time-lapse Video Kayıt Yavaş &Ccedil;ekim Video Kayıt (Slow motion video)</p>\r\n\r\n<p>Video Kayıt Se&ccedil;enekleri: 720p @ 7680fps1080p @ 30fps1080p @ 60fps1080p @ 960fps2160p @ 30fps2160p @ 60fps</p>\r\n\r\n<p>İkinci Arka Kamera: Var</p>\r\n\r\n<p>İkinci Arka Kamera &Ccedil;&ouml;z&uuml;n&uuml;rl&uuml;ğ&uuml;: 40 MP</p>\r\n\r\n<p>İkinci Arka Kamera Diyafram: F1.8</p>\r\n\r\n<p>İkinci Arka Kamera &Ouml;zellikleri: Ekstra Geniş A&ccedil;ı18mm</p>\r\n\r\n<p>&Uuml;&ccedil;&uuml;nc&uuml; Arka Kamera: Var</p>\r\n\r\n<p>&Uuml;&ccedil;&uuml;nc&uuml; Arka Kamera &Ccedil;&ouml;z&uuml;n&uuml;rl&uuml;ğ&uuml;: 8 MP</p>\r\n\r\n<p>&Uuml;&ccedil;&uuml;nc&uuml; Arka Kamera Diyafram: F2.4</p>\r\n\r\n<p>&Uuml;&ccedil;&uuml;nc&uuml; Arka Kamera &Ouml;zellikleri: Optik G&ouml;r&uuml;nt&uuml; Sabitleyici (OIS)Optik Zoom (3x)Telephoto 80mm</p>\r\n\r\n<p>D&ouml;rd&uuml;nc&uuml; Arka Kamera: Var</p>\r\n\r\n<p>D&ouml;rd&uuml;nc&uuml; Arka Kamera &Ouml;zellikleri: TOF (Time of Flight) 3D</p>\r\n\r\n<p>İkinci &Ouml;n Kamera: Var</p>\r\n\r\n<p>İkinci &Ouml;n Kamera &Ouml;zellikleri: TOF (Time of Flight) 3D</p>\r\n\r\n<p>&Ouml;n Kamera &Ccedil;&ouml;z&uuml;n&uuml;rl&uuml;ğ&uuml;: 32 MP</p>\r\n\r\n<p>&Ouml;n Kamera Video &Ccedil;&ouml;z&uuml;n&uuml;rl&uuml;ğ&uuml;: 1080p</p>\r\n\r\n<p>&Ouml;n Kamera FPS Değeri: 30 fps</p>\r\n\r\n<p>&Ouml;n Kamera Diyafram A&ccedil;ıklığı: F2.0</p>\r\n\r\n<p>&Ouml;n Kamera &Ouml;zellikleri: Portre Modu Gesture Shot Geniş A&ccedil;ılı Otomatik Odaklama&nbsp;Y&uuml;z Algılama</p>\r\n\r\n<p>DxOMark Camera Puanı: 121 Puan</p>\r\n\r\n<p>&nbsp;</p>\r\n', 8699.00, 'hBT_ncnUQLo', 'huawei, huawei p40 pro,p40 pro', 100, '1', '0'),
(15, 4, '2020-05-29 18:53:11', 'Apple iPhone 11 Pro Max (512 GB)', 'apple-iphone-11-pro-max-512-gb', '<p><strong>EKRAN</strong></p>\r\n\r\n<p>Ekran Boyutu: 6.5 İn&ccedil;</p>\r\n\r\n<p>Ekran Teknolojisi: OLED</p>\r\n\r\n<p>Ekran &Ccedil;&ouml;z&uuml;n&uuml;rl&uuml;ğ&uuml;: 1242x2688 (FHD+) Piksel</p>\r\n\r\n<p>Ekran &Ccedil;&ouml;z&uuml;n&uuml;rl&uuml;ğ&uuml; Standardı: FHD+</p>\r\n\r\n<p>Piksel Yoğunluğu: 458 PPI</p>\r\n\r\n<p>Ekran Yenileme Hızı: 60 Hz</p>\r\n\r\n<p>Ekran Oranı (Aspect Ratio): 19.5:9</p>\r\n\r\n<p>Ekran Alanı: 101.65 cm&sup2;</p>\r\n\r\n<p>Ekran &Ouml;zellikleri: HDR Oleophobic Coating DCI-P3 Renk Uzayı HDR10 Multi TouchDolby Vision &Ccedil;er&ccedil;evesiz Tasarım &Ccedil;entikli (Notch) Super Retina XDR DisplayTrue Tone Ekran800 cd/m&sup2; (nit) Parlaklık1200 cd/m&sup2; (nit) Parlaklık (Maks.)2000000:1 Kontrast Oranı (Tipik)</p>\r\n\r\n<p>Dokunmatik T&uuml;r&uuml;: Kapasitif Ekran</p>\r\n\r\n<p>Renk Sayısı: 16 Milyon</p>\r\n\r\n<p>Ekran / G&ouml;vde Oranı: 82.69 %</p>\r\n\r\n<p><strong>TEMEL DONANIM</strong></p>\r\n\r\n<p>Yonga Seti (Chipset): Apple A13 Bionic</p>\r\n\r\n<p>Ana İşlemci (CPU): Dual-Core 2.65 GHz Lightning</p>\r\n\r\n<p>CPU Frekansı: 2.65 GHz</p>\r\n\r\n<p>CPU &Ccedil;ekirdeği: 6 &Ccedil;ekirdek</p>\r\n\r\n<p>İşlemci Mimarisi: 64-bit</p>\r\n\r\n<p>1. Yardımcı İşlemci: Quad-Core 1.73 GHz Thunder</p>\r\n\r\n<p>Grafik İşlemcisi (GPU): Apple Quad-Core</p>\r\n\r\n<p>CPU &Uuml;retim Teknolojisi: 7 nm</p>\r\n\r\n<p>AnTuTu Puanı (v7): 462.500 Puan</p>\r\n\r\n<p>AnTuTu Puanı (v8): 536.800 Puan</p>\r\n\r\n<p>Bellek (RAM): 4 GB</p>\r\n\r\n<p>RAM Tipi: LPDDR4x</p>\r\n\r\n<p>Dahili Depolama: 512 GB</p>\r\n\r\n<p>Hafıza Kartı Desteği: Yok</p>\r\n\r\n<p>Diğer Hafıza Se&ccedil;enekleri: 64/256/512GB Depolama se&ccedil;eneği var</p>\r\n\r\n<p><strong>KAMERA</strong></p>\r\n\r\n<p>Kamera &Ccedil;&ouml;z&uuml;n&uuml;rl&uuml;ğ&uuml;: 12 MP</p>\r\n\r\n<p>Optik G&ouml;r&uuml;nt&uuml; Sabitleyici: Var</p>\r\n\r\n<p>Kamera &Ouml;zellikleri: Focus Pixels Otomatik Odaklama Portre Modu (Bokeh) Phase Detect Auto-Focus (PDAF) Hızlı Odaklama Depth of Field (DOF) HDRLive Photos Panorama Otomatik odaklama Sesli komut Y&uuml;z Algılama Elle Odaklama Coğrafi konum etiketleme Kırmızı&nbsp;G&ouml;z (Red-eye) D&uuml;zeltme BSI Seri &Ccedil;ekim (Burst) Modu Zamanlayıcı1.4&micro;m Piksel 6 Elementli Lens</p>\r\n\r\n<p>Flaş: &Ccedil;ift Tonlu</p>\r\n\r\n<p>Diyafram A&ccedil;ıklığı: F1.8</p>\r\n\r\n<p>Odak Uzaklığı: 26 mm</p>\r\n\r\n<p>Kamera Sens&ouml;r Boyutu: 1/2.55 İn&ccedil;</p>\r\n\r\n<p>Video Kayıt &Ccedil;&ouml;z&uuml;n&uuml;rl&uuml;ğ&uuml;: 2160p (Ultra HD) 4K</p>\r\n\r\n<p>Video FPS Değeri: 60 fps</p>\r\n\r\n<p>Video Kayıt &Ouml;zellikleri: Coğrafi Konum Etiketleme HDR Optik G&ouml;r&uuml;nt&uuml; Sabitleme (OIS) Stereo Ses Kaydı S&uuml;rekli Otomatik Odaklama Time-lapse Video Kayıt Video Kayıtta Fotoğraf &Ccedil;ekme Video Yakınlaştırma Yavaş &Ccedil;ekim Video Kayıt (Slow motion video) Y&uuml;z Algılama</p>\r\n\r\n<p>Video Kayıt Se&ccedil;enekleri: 720p @ 30fps1080p @ 120fps1080p @ 240fps1080p @ 30fps1080p @ 60fps2160p @ 24fps2160p @ 30fps2160p @ 60fps</p>\r\n\r\n<p>İkinci Arka Kamera: Var</p>\r\n\r\n<p>İkinci Arka Kamera &Ccedil;&ouml;z&uuml;n&uuml;rl&uuml;ğ&uuml;: 12 MP</p>\r\n\r\n<p>İkinci Arka Kamera Diyafram: F2.0</p>\r\n\r\n<p>İkinci Arka Kamera &Ouml;zellikleri: Optik G&ouml;r&uuml;nt&uuml; Sabitleme (OIS)Optik Zoom (2x)Telephoto52mm</p>\r\n\r\n<p>&Uuml;&ccedil;&uuml;nc&uuml; Arka Kamera: Var</p>\r\n\r\n<p>&Uuml;&ccedil;&uuml;nc&uuml; Arka Kamera &Ccedil;&ouml;z&uuml;n&uuml;rl&uuml;ğ&uuml;: 12 MP</p>\r\n\r\n<p>&Uuml;&ccedil;&uuml;nc&uuml; Arka Kamera Diyafram: F2.4</p>\r\n\r\n<p>&Uuml;&ccedil;&uuml;nc&uuml; Arka Kamera &Ouml;zellikleri: Ekstra Geniş A&ccedil;ıEkstra Geniş A&ccedil;ı (120&deg;)5 Elementli Lens13mm</p>\r\n\r\n<p>&Ouml;n Kamera &Ccedil;&ouml;z&uuml;n&uuml;rl&uuml;ğ&uuml;: 12 MP</p>\r\n\r\n<p>&Ouml;n Kamera Video &Ccedil;&ouml;z&uuml;n&uuml;rl&uuml;ğ&uuml;: 2160p</p>\r\n\r\n<p>&Ouml;n Kamera FPS Değeri: 60 fps</p>\r\n\r\n<p>&Ouml;n Kamera Diyafram A&ccedil;ıklığı: F2.2</p>\r\n\r\n<p>&Ouml;n Kamera &Ouml;zellikleri: Portre ModuTrueDepth Camera HDR Sanal Flaş Yavaş &Ccedil;ekim (Slow Motion) Video Kayıt Zamanlayıcı (self-timer) Animoji Back-illuminated Sensor (BSI) Dijital g&ouml;r&uuml;nt&uuml; sabitleyici (EIS) Live Photos Pozlama Kontrol&uuml;Seri &Ccedil;ekim (Burst) ModuY&uuml;z Algılama1080p @ 120fps Kayıt1080p @ 60fps Kayıt</p>\r\n\r\n<p>DxOMark Camera Puanı: 117 Puan</p>\r\n', 14899.00, 'Qts2LoZ5BoQ', 'iphone 11 pro max', 100, '1', '0'),
(16, 4, '2020-05-29 19:10:00', 'Samsung Galaxy S10+ Plus (SM-G975F)', 'samsung-galaxy-s10-plus-sm-g975f', '<p><strong>EKRAN</strong></p>\r\n\r\n<p>Ekran Boyutu: 6.4 İn&ccedil;</p>\r\n\r\n<p>Ekran Teknolojisi: Dynamic AMOLED</p>\r\n\r\n<p>Ekran &Ccedil;&ouml;z&uuml;n&uuml;rl&uuml;ğ&uuml;: 1440x3040 (QHD+) Piksel</p>\r\n\r\n<p>Ekran &Ccedil;&ouml;z&uuml;n&uuml;rl&uuml;ğ&uuml; Standardı: QHD+</p>\r\n\r\n<p>Piksel Yoğunluğu: 522 PPI</p>\r\n\r\n<p>Ekran Yenileme Hızı: 60 Hz</p>\r\n\r\n<p>Ekran Oranı (Aspect Ratio): 19:9</p>\r\n\r\n<p>Ekran Alanı: 102.24 cm&sup2;</p>\r\n\r\n<p>Ekran &Ouml;zellikleri: HDR &Ccedil;izilmeye Diren&ccedil;li Cam DCI-P3 Renk Uzayı HDR10 Multi Touch HDR10+ &Ccedil;er&ccedil;evesiz Tasarım S&uuml;rekli A&ccedil;ık Ekran (Always-on Display) DCI-P3 100% Ekran İ&ccedil;inde &Ouml;n Kamera</p>\r\n\r\n<p>Ekran Dayanıklılığı: Corning Gorilla Glass 6</p>\r\n\r\n<p>Dokunmatik T&uuml;r&uuml;: Kapasitif Ekran</p>\r\n\r\n<p>Renk Sayısı: 16 Milyon</p>\r\n\r\n<p>Ekran / G&ouml;vde Oranı: 87.54 %</p>\r\n\r\n<p><strong>TEMEL DONANIM</strong></p>\r\n\r\n<p>Yonga Seti (Chipset): Samsung Exynos 9 Series 9820</p>\r\n\r\n<p>Ana İşlemci (CPU): Dual-core 2.73 GHz Mongoose M4</p>\r\n\r\n<p>CPU Frekansı: 2.73 GHz</p>\r\n\r\n<p>CPU &Ccedil;ekirdeği: 8 &Ccedil;ekirdek</p>\r\n\r\n<p>İşlemci Mimarisi: 64-bit</p>\r\n\r\n<p>1. Yardımcı İşlemci: Dual-core 2.31 GHz ARM Cortex-A75</p>\r\n\r\n<p>2. Yardımcı İşlemci: Quad-core 1.95 GHz ARM Cortex-A55</p>\r\n\r\n<p>Grafik İşlemcisi (GPU): Mali-G76 MP12</p>\r\n\r\n<p>CPU &Uuml;retim Teknolojisi: 8 nm</p>\r\n\r\n<p>AnTuTu Puanı (v7): 340.300 Puan</p>\r\n\r\n<p>AnTuTu Puanı (v8): 433.400 Puan</p>\r\n\r\n<p>Bellek (RAM): 8 GB</p>\r\n\r\n<p>RAM Tipi: LPDDR4x</p>\r\n\r\n<p>Dahili Depolama: 128 GB</p>\r\n\r\n<p>Dahili Depolama Bi&ccedil;imi: UFS 2.1</p>\r\n\r\n<p>Hafıza Kartı Desteği: Var</p>\r\n\r\n<p>Hafıza Kartı Maks. Kapasitesi: 512 GB</p>\r\n\r\n<p>Diğer Chipset Se&ccedil;enekleri: Qualcomm Snapdragon 855 (SDM855)</p>\r\n\r\n<p>Diğer Bellek (RAM) Se&ccedil;enekleri: 8/12GB RAM se&ccedil;eneği var</p>\r\n\r\n<p>Diğer Hafıza Se&ccedil;enekleri: 128/512GB/1TB Depolama se&ccedil;eneği var</p>\r\n\r\n<p><strong>KAMERA</strong></p>\r\n\r\n<p>Kamera &Ccedil;&ouml;z&uuml;n&uuml;rl&uuml;ğ&uuml;: 12 MP</p>\r\n\r\n<p>Optik G&ouml;r&uuml;nt&uuml; Sabitleyici: Var</p>\r\n\r\n<p>Kamera &Ouml;zellikleri: Portre Modu (Bokeh) Phase Detect Auto-Focus (PDAF) &Ccedil;ift Aralıklı Diyafram (Dual Aperture) Hareketli Fotoğraf (Motion Photo) Haraketli Panorama (Motion Panorama) Hızlı Odaklama Tam Manuel Kontrol Depth of Field (DOF) Phase Detect Auto-Focus - PDAF (Dual Pixel) HDRYapay Zeka (AI) Nesne AlgılamaYapay Zeka (AI) Sahne AlgılamaDual Pixel Kamera Odak Takibi Perde Hızı (Shutter Speed) Kontrol&uuml; Panorama RAW Kayıt Yapabilme Otomatik odaklama Se&ccedil;imsel Odaklama Sesli komut Y&uuml;z Algılama Elle Odaklama Coğrafi konum etiketleme G&uuml;l&uuml;mseme yakalama Portre Modu (Ger&ccedil;ek Zamanlı) Zamanlayıcı1.4&micro;m Piksel77&deg; A&ccedil;ılı</p>\r\n\r\n<p>Flaş: LED</p>\r\n\r\n<p>Diyafram A&ccedil;ıklığı: F1.5</p>\r\n\r\n<p>Diyafram A&ccedil;ıklığı (Maks): F2.4</p>\r\n\r\n<p>Video Kayıt &Ccedil;&ouml;z&uuml;n&uuml;rl&uuml;ğ&uuml;: 2160p (Ultra HD) 4K</p>\r\n\r\n<p>Video FPS Değeri: 60 fps</p>\r\n\r\n<p>Video Kayıt &Ouml;zellikleri: Coğrafi Konum Etiketleme Dijital g&ouml;r&uuml;nt&uuml; sabitleyici (EIS) HDR HDR10+ HyperlapseOdak Takibi Optik G&ouml;r&uuml;nt&uuml; Sabitleme (OIS)Time-lapse Video Kayıt Yavaş &Ccedil;ekim Video Kayıt (Slow motion video) Y&uuml;z Algılama</p>\r\n\r\n<p>Video Kayıt Se&ccedil;enekleri: 720p @ 30fps720p @ 960fps1080p @ 240fps1080p @ 30fps1080p @ 60fps2160p @ 30fps2160p @ 60fps</p>\r\n\r\n<p>İkinci Arka Kamera: Var</p>\r\n\r\n<p>İkinci Arka Kamera &Ccedil;&ouml;z&uuml;n&uuml;rl&uuml;ğ&uuml;: 16 MP</p>\r\n\r\n<p>İkinci Arka Kamera Diyafram: F2.2</p>\r\n\r\n<p>İkinci Arka Kamera &Ouml;zellikleri: Ekstra Geniş A&ccedil;ı Ekstra Geniş A&ccedil;ı (123&deg;)1.0 &micro;m Piksel</p>\r\n\r\n<p>&Uuml;&ccedil;&uuml;nc&uuml; Arka Kamera: Var</p>\r\n\r\n<p>&Uuml;&ccedil;&uuml;nc&uuml; Arka Kamera &Ccedil;&ouml;z&uuml;n&uuml;rl&uuml;ğ&uuml;: 12 MP</p>\r\n\r\n<p>&Uuml;&ccedil;&uuml;nc&uuml; Arka Kamera Diyafram: F2.4</p>\r\n\r\n<p>&Uuml;&ccedil;&uuml;nc&uuml; Arka Kamera &Ouml;zellikleri: Hızlı Odaklama Optik G&ouml;r&uuml;nt&uuml; Sabitleyici (OIS) Otomatik Odaklama Phase Detect Auto-Focus (PDAF) Telephoto1.0&mu;m Piksel45&deg; A&ccedil;ılı</p>\r\n\r\n<p>İkinci &Ouml;n Kamera: Var</p>\r\n\r\n<p>İkinci &Ouml;n Kamera &Ccedil;&ouml;z&uuml;n&uuml;rl&uuml;ğ&uuml;: 8 MP</p>\r\n\r\n<p>İkinci &Ouml;n Kamera Diyafram: F2.2</p>\r\n\r\n<p>İkinci &Ouml;n Kamera &Ouml;zellikleri: Derinlik Algısı (Bokeh) RGB Derinlik (Depth) Kamerası</p>\r\n\r\n<p>&Ouml;n Kamera &Ccedil;&ouml;z&uuml;n&uuml;rl&uuml;ğ&uuml;: 10 MP</p>\r\n\r\n<p>&Ouml;n Kamera Video &Ccedil;&ouml;z&uuml;n&uuml;rl&uuml;ğ&uuml;: 2160p</p>\r\n\r\n<p>&Ouml;n Kamera FPS Değeri: 30 fps</p>\r\n\r\n<p>&Ouml;n Kamera Diyafram A&ccedil;ıklığı: F1.9</p>\r\n\r\n<p>&Ouml;n Kamera &Ouml;zellikleri: Portre Modu HDR Sanal Flaş Sesle Komut Zamanlayıcı (self-timer) Dijital g&ouml;r&uuml;nt&uuml; sabitleyici (EIS) Geniş A&ccedil;ılı Hızlı Odaklama Otomatik Odaklama Panorama Selfi Phase Detect Auto-Focus (PDAF) Phase Detect Auto-Focus - PDAF (Dual Pixel) Se&ccedil;meli Odaklama 1.22&mu;m Piksel 80 Derece A&ccedil;ılı</p>\r\n\r\n<p>DxOMark (2017) Puanı: 109 Puan</p>\r\n\r\n<p>DxOMark Camera Puanı: 113 Puan</p>\r\n\r\n<p>&nbsp;</p>\r\n', 6449.00, 'Y1qAyjt0AQA', 's10+,samsung s10+', 100, '1', '0'),
(17, 4, '2020-05-29 19:19:13', 'OnePlus 7T Pro', 'oneplus-7t-pro', '<p><strong>EKRAN</strong></p>\r\n\r\n<p>Ekran Boyutu: 6.67 İn&ccedil;</p>\r\n\r\n<p>Ekran Teknolojisi: AMOLED</p>\r\n\r\n<p>Ekran &Ccedil;&ouml;z&uuml;n&uuml;rl&uuml;ğ&uuml;: 1440x3120 (QHD+) Piksel</p>\r\n\r\n<p>Ekran &Ccedil;&ouml;z&uuml;n&uuml;rl&uuml;ğ&uuml; Standardı: QHD+</p>\r\n\r\n<p>Piksel Yoğunluğu: 516 PPI</p>\r\n\r\n<p>Ekran Yenileme Hızı: 90 Hz</p>\r\n\r\n<p>Ekran Oranı (Aspect Ratio): 19.5:9</p>\r\n\r\n<p>Ekran Alanı: 109.21 cm&sup2;</p>\r\n\r\n<p>Ekran &Ouml;zellikleri: HDR &Ccedil;izilmeye Diren&ccedil;li Cam DCI-P3 Renk Uzayı HDR10 &Ccedil;entiksiz Tam Ekran Tasarım Multi Touch HDR10+ &Ccedil;er&ccedil;evesiz Tasarım Eğimli Ekran (2.5D) Fluid AMOLED 90Hz Ekran Yenileme4000000:1 Kontrast Oranı</p>\r\n\r\n<p>Ekran Dayanıklılığı: Corning Gorilla Glass 5</p>\r\n\r\n<p>Dokunmatik T&uuml;r&uuml;: Kapasitif Ekran</p>\r\n\r\n<p>Renk Sayısı: 16 Milyon</p>\r\n\r\n<p>Ekran / G&ouml;vde Oranı: 88.49 %</p>\r\n\r\n<p><strong>TEMEL DONANIM</strong></p>\r\n\r\n<p>Yonga Seti (Chipset): Qualcomm Snapdragon 855+ (SM8150-AC)</p>\r\n\r\n<p>Ana İşlemci (CPU): Single-core 2.96 GHz Kryo 485</p>\r\n\r\n<p>CPU Frekansı: 2.96 GHz</p>\r\n\r\n<p>CPU &Ccedil;ekirdeği: 8 &Ccedil;ekirdek</p>\r\n\r\n<p>İşlemci Mimarisi: 64-bit</p>\r\n\r\n<p>1. Yardımcı İşlemci: Triple-core 2.42 GHz Kryo 485</p>\r\n\r\n<p>2. Yardımcı İşlemci: Quad-core 1.8 GHz Kryo 485</p>\r\n\r\n<p>Grafik İşlemcisi (GPU): Adreno 640</p>\r\n\r\n<p>GPU Frekansı: 672 MHz</p>\r\n\r\n<p>CPU &Uuml;retim Teknolojisi: 7 nm</p>\r\n\r\n<p>AnTuTu Puanı (v8): 502.400 Puan</p>\r\n\r\n<p>Bellek (RAM): 8 GB</p>\r\n\r\n<p>RAM Tipi: LPDDR4x</p>\r\n\r\n<p>Dahili Depolama: 256 GB</p>\r\n\r\n<p>Dahili Depolama Bi&ccedil;imi: UFS 3.0</p>\r\n\r\n<p>Hafıza Kartı Desteği: Yok</p>\r\n\r\n<p><strong>KAMERA</strong></p>\r\n\r\n<p>Kamera &Ccedil;&ouml;z&uuml;n&uuml;rl&uuml;ğ&uuml;: 48 MP</p>\r\n\r\n<p>Optik G&ouml;r&uuml;nt&uuml; Sabitleyici: Var</p>\r\n\r\n<p>Kamera &Ouml;zellikleri: Portre Modu (Bokeh) Sony Exmor Sens&ouml;r (IMX586) Phase Detect Auto-Focus (PDAF) Hızlı Odaklama HDR Yapay Zeka (AI) Nesne Algılama Yapay Zeka (AI) Sahne Algılama Lazer Otomatik Odaklama (Laser Auto Focus-LDAF) Panorama RAW Kayıt Yapabilme Otomatik odaklama Coğrafi konum etiketleme Contrast Detection Auto-Focus (CDAF) Makro (Macro) &Ccedil;ekim (2.5 cm) Zamanlayıcı 0.8&mu;m (1.6&mu;m) Piksel 7 Elementli Lens</p>\r\n\r\n<p>Flaş: Dual-LED</p>\r\n\r\n<p>Diyafram A&ccedil;ıklığı: F1.6</p>\r\n\r\n<p>Odak Uzaklığı: 26 mm</p>\r\n\r\n<p>Kamera Sens&ouml;r Boyutu: 1/2 İn&ccedil;</p>\r\n\r\n<p>Video Kayıt &Ccedil;&ouml;z&uuml;n&uuml;rl&uuml;ğ&uuml;: 2160p (Ultra HD) 4K</p>\r\n\r\n<p>Video FPS Değeri: 60 fps</p>\r\n\r\n<p>Video Kayıt &Ouml;zellikleri: Dijital g&ouml;r&uuml;nt&uuml; sabitleyici (EIS) Optik G&ouml;r&uuml;nt&uuml; Sabitleme (OIS) Time-lapse Video Kayıt Yavaş &Ccedil;ekim Video Kayıt (Slow motion video)</p>\r\n\r\n<p>Video Kayıt Se&ccedil;enekleri: 720p @ 480fps720p @ 960fps1080p @ 240fps1080p @ 30fps1080p @ 60fps2160p @ 30fps2160p @ 60fps</p>\r\n\r\n<p>İkinci Arka Kamera: Var</p>\r\n\r\n<p>İkinci Arka Kamera &Ccedil;&ouml;z&uuml;n&uuml;rl&uuml;ğ&uuml;: 16 MP</p>\r\n\r\n<p>İkinci Arka Kamera Diyafram: F2.2</p>\r\n\r\n<p>İkinci Arka Kamera &Ouml;zellikleri: Ekstra Geniş A&ccedil;ıEkstra Geniş A&ccedil;ı (117&deg;)17mm</p>\r\n\r\n<p>&Uuml;&ccedil;&uuml;nc&uuml; Arka Kamera: Var</p>\r\n\r\n<p>&Uuml;&ccedil;&uuml;nc&uuml; Arka Kamera &Ccedil;&ouml;z&uuml;n&uuml;rl&uuml;ğ&uuml;: 8 MP</p>\r\n\r\n<p>&Uuml;&ccedil;&uuml;nc&uuml; Arka Kamera Diyafram: F2.4</p>\r\n\r\n<p>&Uuml;&ccedil;&uuml;nc&uuml; Arka Kamera &Ouml;zellikleri: Optik Zoom (3x)Telephoto1.0&mu;m Piksel</p>\r\n\r\n<p>&Ouml;n Kamera &Ccedil;&ouml;z&uuml;n&uuml;rl&uuml;ğ&uuml;: 16 MP</p>\r\n\r\n<p>&Ouml;n Kamera Video &Ccedil;&ouml;z&uuml;n&uuml;rl&uuml;ğ&uuml;: 1080p</p>\r\n\r\n<p>&Ouml;n Kamera FPS Değeri: 30 fps</p>\r\n\r\n<p>&Ouml;n Kamera Diyafram A&ccedil;ıklığı: F2.0</p>\r\n\r\n<p>&Ouml;n Kamera &Ouml;zellikleri: Pop-Up A&ccedil;ılma Portre Modu HDR Sanal FlaşTime-Lapse Zamanlayıcı (self-timer) Dijital g&ouml;r&uuml;nt&uuml; sabitleyici (EIS) Sony Exmor Sens&ouml;r (IMX471) Y&uuml;z Algılama 1.0&micro;m Piksel</p>\r\n\r\n<p>DxOMark Camera Puanı: 114 Puan</p>\r\n', 8999.00, 'awo0fY5NEXI', 'oneplus 7tpro,oneplus', 100, '1', '0'),
(18, 6, '2020-05-29 19:30:43', 'HP OMEN 17-cb0009nt (8UH72EA) Notebook', 'hp-omen-17-cb0009nt-8uh72ea-notebook', '<p><strong>EKRAN</strong></p>\r\n\r\n<p>Ekran Boyutu: 17.3 İn&ccedil;</p>\r\n\r\n<p>Ekran &Ccedil;&ouml;z&uuml;n&uuml;rl&uuml;ğ&uuml;: 1920x1080 Piksel</p>\r\n\r\n<p>Ekran &Ccedil;&ouml;z&uuml;n&uuml;rl&uuml;k Bi&ccedil;imi: Full HD</p>\r\n\r\n<p>Ekran Yenileme Hızı: 144 Hz</p>\r\n\r\n<p>Panel Tipi: LED (IPS)</p>\r\n\r\n<p>Yansımasız Mat Ekran: Var</p>\r\n\r\n<p><strong>İŞLEMCİ</strong></p>\r\n\r\n<p>İşlemci Markası: Intel</p>\r\n\r\n<p>İşlemci Serisi: Intel Core i7</p>\r\n\r\n<p>İşlemci Modeli: Intel Core i7-9750H</p>\r\n\r\n<p>İşlemci Temel Frekans: 2.60 GHz</p>\r\n\r\n<p>İşlemci Artırılmış Frekans: 4.50 GHz</p>\r\n\r\n<p>İşlemci &Ccedil;ıkış Yılı: 2019 2.&Ccedil;eyrek</p>\r\n\r\n<p>İşlemci &Ccedil;ekirdeği: 6 Adet</p>\r\n\r\n<p>İş Par&ccedil;acığı (Sanal &Ccedil;ekirdek): 12 Adet</p>\r\n\r\n<p>İşlemci &Ouml;nbellek: 12 MB</p>\r\n\r\n<p>Transist&ouml;r Mesafesi: 14 nm</p>\r\n\r\n<p>Isı Yayma Kapasitesi (TDP): 45 W</p>\r\n\r\n<p><strong>TASARIM</strong></p>\r\n\r\n<p>Genişlik: 405 mm</p>\r\n\r\n<p>Derinlik: 295 mm</p>\r\n\r\n<p>Kalınlık: 27 mm</p>\r\n\r\n<p>Ağırlık: 3.29 kg</p>\r\n\r\n<p>Renk: Siyah</p>\r\n\r\n<p><strong>BELLEK</strong></p>\r\n\r\n<p>Bellek (RAM): 16 GB</p>\r\n\r\n<p>Bellek Frekansı: 2666 MHz</p>\r\n\r\n<p>Bellek T&uuml;r&uuml;: DDR4</p>\r\n\r\n<p><strong>DEPOLAMA &amp; OPTİK S&Uuml;R&Uuml;C&Uuml;</strong></p>\r\n\r\n<p>Sabit Disk (HDD): Var</p>\r\n\r\n<p>Sabit Disk (HDD) Boyutu: 1 TB</p>\r\n\r\n<p>Sabit Disk (HDD) Hızı: 7200 RPM</p>\r\n\r\n<p>Sabit Disk (SSD): Var</p>\r\n\r\n<p>Sabit Disk (SSD) Boyutu: 256 GB</p>\r\n\r\n<p>Sabit Disk (SSD) Tipi: NVMe M.2 (PCIe)</p>\r\n\r\n<p>Optik Okuyucu: Yok</p>\r\n\r\n<p><strong>HARİCİ GRAFİK</strong></p>\r\n\r\n<p>Harici Ekran Kartı: Var</p>\r\n\r\n<p>Ekran Kartı Markası: NVIDIA</p>\r\n\r\n<p>Ekran Kartı Serisi: NVIDIA GeForce RTX</p>\r\n\r\n<p>Ekran Kartı Modeli: NVIDIA GeForce RTX 2060</p>\r\n\r\n<p>Ekran Kartı &Ccedil;ekirdek Hızı: 1365 MHz</p>\r\n\r\n<p>Ekran Kartı Bellek Miktarı: 6 GB</p>\r\n\r\n<p>Ekran Kartı Bellek T&uuml;r&uuml;: GDDR6</p>\r\n\r\n<p>Ekran Kartı Bellek Aray&uuml;z&uuml;: 192 bit</p>\r\n\r\n<p>Ekran Kartı Azami Bellek Hızı: 14000 MHz</p>\r\n\r\n<p>Ekran Kartı Diğer &Ouml;zellikler: CUDA 7.5DirectX 12OpenCL 1.2OpenGL 4.6Shader Model 6.3Vulkan 1.1.95</p>\r\n\r\n<p><strong>BAĞLANTILAR &amp; ARAY&Uuml;ZLER</strong></p>\r\n\r\n<p>USB 3.x: Var</p>\r\n\r\n<p>USB 3.x Adedi: 3</p>\r\n\r\n<p>USB Type-C: Var</p>\r\n\r\n<p>USB Type-C Adedi: 1</p>\r\n\r\n<p>HDMI: Var</p>\r\n\r\n<p>Mini DisplayPort: Var</p>\r\n\r\n<p>Ethernet (LAN/RJ45): Var</p>\r\n\r\n<p>Ethernet &Ouml;zellikleri: Gigabit (10/100/1000 Mbps)</p>\r\n\r\n<p>Bluetooth: Var</p>\r\n\r\n<p>Bluetooth &Ouml;zellikleri: 5.0</p>\r\n\r\n<p>Kablosuz (Wireless) &Ouml;zellikleri: Wi-Fi 5 (802.11ac) Kablosuz G&ouml;r&uuml;nt&uuml; Aktarımı (Miracast)</p>\r\n\r\n<p><strong>PİL &amp; DİĞER</strong></p>\r\n\r\n<p>Kart Okuyucu: Var</p>\r\n\r\n<p>Kart Okuyucu &Ouml;zellikleri: SD Kart Okuyucu</p>\r\n\r\n<p>Kamera &Ouml;zellikleri: HD</p>\r\n\r\n<p>Klavye Arka Aydınlatması: Var</p>\r\n\r\n<p>Klavye &Ouml;zellikleri: 4 B&ouml;lgeli RGB Aydınlatma</p>\r\n\r\n<p>Pil G&uuml;c&uuml;: 70 Wh</p>\r\n\r\n<p>Pil H&uuml;cre Sayısı: 4 H&uuml;creli</p>\r\n\r\n<p>Pil &Ouml;zellikleri: Li-Po (Lityum-Polimer)</p>\r\n\r\n<p>Hızlı Şarj &Ouml;zelliği: Var</p>\r\n\r\n<p><strong>DAHİLİ GRAFİK</strong></p>\r\n\r\n<p>Dahili Grafik Modeli: Intel UHD Graphics 630</p>\r\n\r\n<p>Dahili Grafik Temel Frekans: 350 MHz</p>\r\n\r\n<p>Dahili Grafik Azami Frekans: 1.15 GHz</p>\r\n\r\n<p>Dahili Grafik Diğer &Ouml;zellikler: DirectX 12 Desteği Intel Clear Video HD TechnologyIntel Clear Video Technology Intel InTru 3D TeknolojisiIntel Quick Sync VideoOpenGL 4.5 Desteği4K Desteği</p>\r\n', 11999.00, 'xoJ19NdODwo', 'hp omen, HP OMEN 17-cb0009nt (8UH72EA) Notebook', 100, '1', '0'),
(19, 6, '2020-05-29 19:39:26', 'MSI GL65 10SER-085XTR Notebook', 'msi-gl65-10ser-085xtr-notebook', '<p><strong>EKRAN</strong></p>\r\n\r\n<p>Ekran Boyutu: 15.6 İn&ccedil;</p>\r\n\r\n<p>Ekran &Ccedil;&ouml;z&uuml;n&uuml;rl&uuml;ğ&uuml;: 1920x1080 Piksel</p>\r\n\r\n<p>Ekran &Ccedil;&ouml;z&uuml;n&uuml;rl&uuml;k Bi&ccedil;imi: Full HD</p>\r\n\r\n<p>Ekran Yenileme Hızı:120 Hz</p>\r\n\r\n<p>Panel Tipi: LED (IPS)</p>\r\n\r\n<p><strong>TASARIM</strong></p>\r\n\r\n<p>Genişlik: 357 mm</p>\r\n\r\n<p>Derinlik: 248 mm</p>\r\n\r\n<p>Kalınlık: 27.5 mm</p>\r\n\r\n<p>Ağırlık: 2.30 kg</p>\r\n\r\n<p>Renk: Siyah</p>\r\n\r\n<p><strong>İŞLEMCİ</strong></p>\r\n\r\n<p>İşlemci Markası: Intel</p>\r\n\r\n<p>İşlemci Serisi: Intel Core i7</p>\r\n\r\n<p>İşlemci Model: iIntel Core i7-10750H</p>\r\n\r\n<p>İşlemci Temel Frekans: 2.60 GHz</p>\r\n\r\n<p>İşlemci Artırılmış Frekans: 5.00 GHz</p>\r\n\r\n<p>İşlemci &Ccedil;ıkış Yılı: 2020 2.&Ccedil;eyrek</p>\r\n\r\n<p>İşlemci &Ccedil;ekirdeği: 6 Adet</p>\r\n\r\n<p>İş Par&ccedil;acığı (Sanal &Ccedil;ekirdek): 12 Adet</p>\r\n\r\n<p>İşlemci &Ouml;nbellek: 12 MB</p>\r\n\r\n<p>Transist&ouml;r Mesafesi: 14 nm</p>\r\n\r\n<p>Isı Yayma Kapasitesi (TDP): 45 W</p>\r\n\r\n<p><strong>BELLEK</strong></p>\r\n\r\n<p>Bellek (RAM): 16 GB</p>\r\n\r\n<p>Bellek Frekansı: 2666 MHz</p>\r\n\r\n<p>Bellek T&uuml;r&uuml;: DDR4</p>\r\n\r\n<p><strong>DEPOLAMA &amp; OPTİK S&Uuml;R&Uuml;C&Uuml;</strong></p>\r\n\r\n<p>Sabit Disk (SSD): Var</p>\r\n\r\n<p>Sabit Disk (SSD) Boyutu: 256 GB</p>\r\n\r\n<p>Sabit Disk (SSD) Tipi: NVMe M.2 (PCIe)</p>\r\n\r\n<p><strong>HARİCİ GRAFİK</strong></p>\r\n\r\n<p>Harici Ekran Kartı: Var</p>\r\n\r\n<p>Ekran Kartı Markası: NVIDIA</p>\r\n\r\n<p>Ekran Kartı Serisi: NVIDIA GeForce RTX</p>\r\n\r\n<p>Ekran Kartı Modeli: NVIDIA GeForce RTX 2060</p>\r\n\r\n<p>Ekran Kartı &Ccedil;ekirdek Hızı: 1365 MHz</p>\r\n\r\n<p>Ekran Kartı Bellek Miktarı: 6 GB</p>\r\n\r\n<p>Ekran Kartı Bellek T&uuml;r&uuml;: GDDR6</p>\r\n\r\n<p>Ekran Kartı Bellek Aray&uuml;z&uuml;: 192 bit</p>\r\n\r\n<p>Ekran Kartı Azami Bellek Hızı: 14000 MHz</p>\r\n\r\n<p>Ekran Kartı Diğer &Ouml;zellikler: CUDA 7.5DirectX 12OpenCL 1.2OpenGL 4.6Shader Model 6.3Vulkan 1.1.95</p>\r\n\r\n<p><strong>BAĞLANTILAR &amp; ARAY&Uuml;ZLER</strong></p>\r\n\r\n<p>USB 3.x: Var</p>\r\n\r\n<p>USB 3.x Adedi: 3</p>\r\n\r\n<p>USB Type-C: Var</p>\r\n\r\n<p>USB Type-C Adedi: 1</p>\r\n\r\n<p>HDMI: Var</p>\r\n\r\n<p>Mini DisplayPort: Var</p>\r\n\r\n<p>Ethernet (LAN/RJ45): Var</p>\r\n\r\n<p>Ethernet &Ouml;zellikleri: Gigabit (10/100/1000 Mbps)</p>\r\n\r\n<p>Bluetooth: Var</p>\r\n\r\n<p>Bluetooth &Ouml;zellikleri: 5.1</p>\r\n\r\n<p>Kablosuz (Wireless) &Ouml;zellikleri: Wi-Fi 6 (802.11ax)</p>\r\n\r\n<p><strong>PİL&nbsp;&amp; DİĞER</strong></p>\r\n\r\n<p>Kart Okuyucu: Var</p>\r\n\r\n<p>Kart Okuyucu &Ouml;zellikleri: SD Kart Okuyucu</p>\r\n\r\n<p>Kamera &Ouml;zellikleri: HD</p>\r\n\r\n<p>Klavye Arka Aydınlatması: Var</p>\r\n\r\n<p>Pil G&uuml;c&uuml;: 51 Wh</p>\r\n\r\n<p>Pil H&uuml;cre Sayısı: 6 H&uuml;creli</p>\r\n\r\n<p>Pil &Ouml;zellikleri: Li-Ion (Lityum-İyon)</p>\r\n\r\n<p><strong>DAHİLİ GRAFİK</strong></p>\r\n\r\n<p>Dahili Grafik Modeli: Intel UHD Graphics</p>\r\n\r\n<p>Dahili Grafik Temel Frekans: 350 MHz</p>\r\n\r\n<p>Dahili Grafik Azami Frekans: 1.15 GHz</p>\r\n\r\n<p>Dahili Grafik Diğer &Ouml;zellikler: DirectX 12 DesteğiIntel Quick Sync VideoOpenGL 4.5 Desteği4K Desteği (60 Hz)</p>\r\n', 12000.00, 'l_H0SFkh4Yg', 'MSI GL65 10SER-085XTR, msi', 100, '1', '0'),
(20, 6, '2020-05-29 19:52:10', 'Monster Huma H5 V1.1.1 Notebook', 'monster-huma-h5-v1-1-1-notebook', '<p><strong>EKRAN</strong></p>\r\n\r\n<p>Ekran Boyutu: 15.6 İn&ccedil;</p>\r\n\r\n<p>Ekran &Ccedil;&ouml;z&uuml;n&uuml;rl&uuml;ğ&uuml;: 1920x1080 Piksel</p>\r\n\r\n<p>Ekran &Ccedil;&ouml;z&uuml;n&uuml;rl&uuml;k Bi&ccedil;imi: Full HD</p>\r\n\r\n<p>Panel Tipi: LED</p>\r\n\r\n<p>Yansımasız Mat Ekran: Var</p>\r\n\r\n<p><strong>TASARIM</strong></p>\r\n\r\n<p>Genişlik: 356.4 mm</p>\r\n\r\n<p>Derinlik: 233.7 mm</p>\r\n\r\n<p>Kalınlık: 16 mm</p>\r\n\r\n<p>Ağırlık: 1.60 kg</p>\r\n\r\n<p>Renk: G&uuml;m&uuml;ş</p>\r\n\r\n<p>G&ouml;vde Malzemesi: Magnezyum</p>\r\n\r\n<p><strong>İŞLEMCİ</strong></p>\r\n\r\n<p>İşlemci Markası: Intel</p>\r\n\r\n<p>İşlemci Serisi: Intel Core i7</p>\r\n\r\n<p>İşlemci Modeli: Intel Core i7-9750H</p>\r\n\r\n<p>İşlemci Temel Frekans: 2.60 GHz</p>\r\n\r\n<p>İşlemci Artırılmış Frekans: 4.50 GHz</p>\r\n\r\n<p>İşlemci &Ccedil;ıkış Yılı: 2019 2.&Ccedil;eyrek</p>\r\n\r\n<p>İşlemci &Ccedil;ekirdeği: 6 Adet</p>\r\n\r\n<p>İş Par&ccedil;acığı (Sanal &Ccedil;ekirdek): 12 Adet</p>\r\n\r\n<p>İşlemci &Ouml;nbellek: 12 MB</p>\r\n\r\n<p>Transist&ouml;r Mesafesi: 14 nm</p>\r\n\r\n<p>Isı Yayma Kapasitesi (TDP): 45 W</p>\r\n\r\n<p><strong>BELLEK</strong></p>\r\n\r\n<p>Bellek (RAM): 16 GB</p>\r\n\r\n<p>Bellek Frekansı: 2666 MHz</p>\r\n\r\n<p>Bellek T&uuml;r&uuml;: DDR4L</p>\r\n\r\n<p><strong>DEPOLAMA &amp; OPTİK S&Uuml;R&Uuml;C&Uuml;</strong></p>\r\n\r\n<p>Sabit Disk (SSD): Var</p>\r\n\r\n<p>Sabit Disk (SSD) Boyutu: 512 GB</p>\r\n\r\n<p>Sabit Disk (SSD) Tipi: NVMe M.2 (PCIe)</p>\r\n\r\n<p>Optik Okuyucu: Yok</p>\r\n\r\n<p><strong>HARİCİ GRAFİK</strong></p>\r\n\r\n<p>Harici Ekran Kartı: Var</p>\r\n\r\n<p>Ekran Kartı Markası: NVIDIA</p>\r\n\r\n<p>Ekran Kartı Serisi: NVIDIA GeForce GTX</p>\r\n\r\n<p>Ekran Kartı Modeli: NVIDIA GeForce GTX 1650</p>\r\n\r\n<p>Ekran Kartı &Ccedil;ekirdek Hızı: 1485 MHz</p>\r\n\r\n<p>Ekran Kartı Bellek Miktarı: 4 GB</p>\r\n\r\n<p>Ekran Kartı Bellek T&uuml;r&uuml;: GDDR5</p>\r\n\r\n<p>Ekran Kartı Bellek Aray&uuml;z&uuml;: 128 bit</p>\r\n\r\n<p><strong>BAĞLANTILAR &amp; ARAY&Uuml;ZLER</strong></p>\r\n\r\n<p>USB 2.x: Var</p>\r\n\r\n<p>USB 2.x Adedi: 1</p>\r\n\r\n<p>USB 3.x: Var</p>\r\n\r\n<p>USB 3.x Adedi: 2</p>\r\n\r\n<p>USB Type-C: Var</p>\r\n\r\n<p>USB Type-C Adedi: 1</p>\r\n\r\n<p>HDMI: Var</p>\r\n\r\n<p>Ethernet (LAN/RJ45): Var</p>\r\n\r\n<p>Ethernet &Ouml;zellikleri: Gigabit (10/100/1000 Mbps)</p>\r\n\r\n<p>Bluetooth: Var</p>\r\n\r\n<p>Bluetooth &Ouml;zellikleri: 5.0</p>\r\n\r\n<p>Kablosuz (Wireless) &Ouml;zellikleri: Wi-Fi 5 (802.11ac)</p>\r\n\r\n<p><strong>PİL &amp; DİĞER</strong></p>\r\n\r\n<p>Kart Okuyucu: Var</p>\r\n\r\n<p>Kart Okuyucu &Ouml;zellikleri: microSD Kart Okuyucu</p>\r\n\r\n<p>Kamera &Ouml;zellikleri: HD</p>\r\n\r\n<p>Klavye Arka Aydınlatması: Var</p>\r\n\r\n<p>Pil G&uuml;c&uuml;: 91.2 Wh</p>\r\n\r\n<p>Pil Kapasitesi: 7900 mAh</p>\r\n\r\n<p>Pil H&uuml;cre Sayısı: 6 H&uuml;creli</p>\r\n\r\n<p>Pil &Ouml;zellikleri: Li-Po (Lityum-Polimer)T&uuml;mleşik</p>\r\n\r\n<p><strong>DAHİLİ GRAFİK</strong></p>\r\n\r\n<p>Dahili Grafik Modeli: Intel UHD Graphics 630</p>\r\n\r\n<p>Dahili Grafik Temel Frekans: 350 MHz</p>\r\n\r\n<p>Dahili Grafik Azami Frekans: 1.15 GHz</p>\r\n\r\n<p>Dahili Grafik Diğer &Ouml;zellikler: DirectX 12 Desteği Intel Clear Video HD Technology Intel Clear Video Technology Intel InTru 3D Teknolojisi Intel Quick Sync Video OpenGL 4.5 Desteği4K Desteği</p>\r\n', 9999.00, '9nECoOEbZxI', 'Monster Huma H5,Monster, Monster Huma', 100, '1', '0'),
(21, 6, '2020-05-29 20:18:02', ' Lenovo Y540 81SY001UTX Notebook', 'lenovo-y540-81sy001utx-notebook', '<p><strong>EKRAN</strong></p>\r\n\r\n<p>Ekran Boyutu. 15.6 İn&ccedil;</p>\r\n\r\n<p>Ekran &Ccedil;&ouml;z&uuml;n&uuml;rl&uuml;ğ&uuml;: 1920x1080 Piksel</p>\r\n\r\n<p>Ekran &Ccedil;&ouml;z&uuml;n&uuml;rl&uuml;k Bi&ccedil;imi: Full HD</p>\r\n\r\n<p>Ekran Yenileme Hızı: 144 Hz</p>\r\n\r\n<p>Panel Tipi: LED (IPS)</p>\r\n\r\n<p>Yansımasız Mat Ekran: Var</p>\r\n\r\n<p><strong>TASARIM</strong></p>\r\n\r\n<p>Genişlik: 360 mm</p>\r\n\r\n<p>Derinlik: 267 mm</p>\r\n\r\n<p>Kalınlık: 25.2 mm</p>\r\n\r\n<p>Ağırlık: 2.30 kg</p>\r\n\r\n<p>Renk: Siyah</p>\r\n\r\n<p><strong>İŞLEMCİ</strong></p>\r\n\r\n<p>İşlemci Markası: Intel</p>\r\n\r\n<p>İşlemci Serisi: Intel Core i7</p>\r\n\r\n<p>İşlemci Modeli: Intel Core i7-9750H</p>\r\n\r\n<p>İşlemci Temel Frekans: 2.60 GHz</p>\r\n\r\n<p>İşlemci Artırılmış Frekans: 4.50 GHz</p>\r\n\r\n<p>İşlemci &Ccedil;ıkış Yılı: 2019 2.&Ccedil;eyrek</p>\r\n\r\n<p>İşlemci &Ccedil;ekirdeği: 6 Adet</p>\r\n\r\n<p>İş Par&ccedil;acığı (Sanal &Ccedil;ekirdek): 12 Adet</p>\r\n\r\n<p>İşlemci &Ouml;nbellek: 12 MB</p>\r\n\r\n<p>Transist&ouml;r Mesafesi: 14 nm</p>\r\n\r\n<p>Isı Yayma Kapasitesi (TDP): 45 W</p>\r\n\r\n<p><strong>BELLEK</strong></p>\r\n\r\n<p>Bellek (RAM): 16 GB</p>\r\n\r\n<p>Bellek Frekansı: 2666 MHz</p>\r\n\r\n<p>Bellek T&uuml;r&uuml;: DDR4</p>\r\n\r\n<p><strong>DEPOLAMA &amp; OPTİK S&Uuml;R&Uuml;C&Uuml;</strong></p>\r\n\r\n<p>Sabit Disk (HDD): Var</p>\r\n\r\n<p>Sabit Disk (HDD) Boyutu: 2 TB</p>\r\n\r\n<p>Sabit Disk (HDD) Hızı: 5400 RPM</p>\r\n\r\n<p>Sabit Disk (SSD): Var</p>\r\n\r\n<p>Sabit Disk (SSD) Boyutu: 256 GB</p>\r\n\r\n<p>Sabit Disk (SSD) Tipi: NVMe M.2 (PCIe)</p>\r\n\r\n<p>Optik Okuyucu: Yok</p>\r\n\r\n<p><strong>HARİCİ GRAFİK</strong></p>\r\n\r\n<p>Harici Ekran Kartı: Var</p>\r\n\r\n<p>Ekran Kartı Markası: NVIDIA</p>\r\n\r\n<p>Ekran Kartı Serisi: NVIDIA GeForce GTX</p>\r\n\r\n<p>Ekran Kartı Modeli: NVIDIA GeForce GTX 1650</p>\r\n\r\n<p>Ekran Kartı &Ccedil;ekirdek Hızı: 1485 MHz</p>\r\n\r\n<p>Ekran Kartı Bellek Miktarı: 4 GB</p>\r\n\r\n<p>Ekran Kartı Bellek T&uuml;r&uuml;: GDDR5</p>\r\n\r\n<p>Ekran Kartı Bellek Aray&uuml;z&uuml;: 128 bit</p>\r\n\r\n<p><strong>BAĞLANTILAR &amp; ARAY&Uuml;ZLER</strong></p>\r\n\r\n<p>USB 3.x: Var</p>\r\n\r\n<p>USB 3.x Adedi: 3</p>\r\n\r\n<p>USB Type-C: Var</p>\r\n\r\n<p>USB Type-C Adedi: 1</p>\r\n\r\n<p>HDMI: Var</p>\r\n\r\n<p>Mini DisplayPort: Var</p>\r\n\r\n<p>Ethernet (LAN/RJ45): Var</p>\r\n\r\n<p>Ethernet &Ouml;zellikleri: Gigabit (10/100/1000 Mbps)</p>\r\n\r\n<p>Bluetooth: Var</p>\r\n\r\n<p>Bluetooth &Ouml;zellikleri: 4.2</p>\r\n\r\n<p>Kablosuz (Wireless) &Ouml;zellikleri: Wi-Fi 5 (802.11ac)</p>\r\n\r\n<p><strong>PİL &amp; DİĞER</strong></p>\r\n\r\n<p>Kart Okuyucu: Yok</p>\r\n\r\n<p>Kamera &Ouml;zellikleri: HD</p>\r\n\r\n<p>Klavye Arka Aydınlatması: Var</p>\r\n\r\n<p>Pil G&uuml;c&uuml;: 52.5 Wh</p>\r\n\r\n<p>Pil &Ouml;zellikleri: Li-Ion (Lityum-İyon)T&uuml;mleşik</p>\r\n\r\n<p><strong>DAHİLİ GRAFİK</strong></p>\r\n\r\n<p>Dahili Grafik Modeli: Intel UHD Graphics 630</p>\r\n\r\n<p>Dahili Grafik Temel Frekans: 350 MHz</p>\r\n\r\n<p>Dahili Grafik Azami Frekans: 1.15 GHz</p>\r\n\r\n<p>Dahili Grafik Diğer &Ouml;zellikleri: DirectX 12 Desteği Intel Clear Video HD Technology Intel Clear Video Technology Intel InTru 3D Teknolojisi Intel Quick Sync Video OpenGL 4.5 Desteği 4K Desteği</p>\r\n', 9999.00, 'mG3Uv6s3oLY', ' Lenovo Y540 81SY001UTX, Lenovo Y540, y540', 100, '1', '0');
INSERT INTO `urun` (`urun_id`, `kategori_id`, `urun_zaman`, `urun_ad`, `urun_seourl`, `urun_detay`, `urun_fiyat`, `urun_video`, `urun_keyword`, `urun_stok`, `urun_durum`, `urun_onecikar`) VALUES
(22, 7, '2020-05-30 19:34:17', 'Samsung 49Q6FN Ultra HD (4K) TV (QE49Q6FNAT)', 'samsung-49q6fn-ultra-hd-4k-tv-qe49q6fnat', '<p><strong>EKRAN</strong></p>\r\n\r\n<p>Ekran: LED</p>\r\n\r\n<p>Ekran Tipi: D&uuml;z (Flat)</p>\r\n\r\n<p>Ekran Boyutu: 49 İn&ccedil;</p>\r\n\r\n<p>Ekran Boyutu (cm): 123 cm</p>\r\n\r\n<p>&Ccedil;&ouml;z&uuml;n&uuml;rl&uuml;k Standardı: Ultra HD (4K)</p>\r\n\r\n<p>Ekran &Ccedil;&ouml;z&uuml;n&uuml;rl&uuml;ğ&uuml;: 3840x2160</p>\r\n\r\n<p>Yenileme Hızı (Yazılım): PQI 2600</p>\r\n\r\n<p>Yenileme Hızı (Ger&ccedil;ek): 50 Hz</p>\r\n\r\n<p>Desteklenen &Ccedil;&ouml;z&uuml;n&uuml;rl&uuml;kler (HDMI): 3840x2160p @ 60 Hz</p>\r\n\r\n<p>HDR: Var</p>\r\n\r\n<p>HDR &Ouml;zellikleri: HDR10HDR10+HLG (Hybrid Log-Gamma)Q | 4K HDR Elite</p>\r\n\r\n<p>Ekran &amp; G&ouml;r&uuml;nt&uuml; &Ouml;zellikleri: QLED with Quantum DotQuantum Dot DisplayQ | 4K Elite BlackQ EngineUltra Clear PanelUHD UpscalingQ ColorQ ContrastUltra Slim Array10 bit Panel Desteği</p>\r\n\r\n<p><strong>SES</strong></p>\r\n\r\n<p>Ses &Ccedil;ıkış G&uuml;c&uuml; (RMS): 40 W</p>\r\n\r\n<p>Hoparl&ouml;r Sistemi: 2.1</p>\r\n\r\n<p>Ses &amp; Video &Ccedil;&ouml;z&uuml;c&uuml;ler: H.265/HEVC (4K/60p) UyduH.265/HEVC (4K/60p) USBDolby DigitalH.264/MPEG-4 AVC (L5.1)Dolby Digital Plus4K/60p HDMI</p>\r\n\r\n<p>Subwoofer: Var</p>\r\n\r\n<p><strong>ALICILAR</strong></p>\r\n\r\n<p>Analog Alıcı: Var</p>\r\n\r\n<p>Karasal Alıcı (DVB-T): Var</p>\r\n\r\n<p>Kablo TV (DVB-C): Var</p>\r\n\r\n<p>HD Uydu Alıcı (DVB-S2): Var</p>\r\n\r\n<p>HD Karasal Alıcı (DVB-T2): Var</p>\r\n\r\n<p><strong>BAĞLANTILAR</strong></p>\r\n\r\n<p>Dahili Wi-Fi: Var</p>\r\n\r\n<p>Wi-Fi &Ouml;zellikleri: WiFi Direct802.11ac</p>\r\n\r\n<p>DLNA: Var</p>\r\n\r\n<p>Ethernet / LAN Kablo Girişi: Var</p>\r\n\r\n<p>USB 2.0 Girişleri: 2 Adet</p>\r\n\r\n<p>HDMI 1.3/1.4/2.0 Girişleri: 4 Adet</p>\r\n\r\n<p>HDMI &Ouml;zellikleri: HDMI 2.0aHDMI 2.0HDCP 2.2HDMI Audio Return Channel (ARC)</p>\r\n\r\n<p>HDMI-CEC: Anynet+</p>\r\n\r\n<p>Dijital Ses &Ccedil;ıkışı: Optik</p>\r\n\r\n<p>Common Interface (CI+): Var</p>\r\n\r\n<p>CI+ &Ouml;zellikleri: CI+ (1.4)</p>\r\n\r\n<p>Analog/Kablolu Anten Girişi: 1 Adet</p>\r\n\r\n<p>Uydu Anteni Girişi: 1 Adet</p>\r\n\r\n<p>Diğer Bağlantı &Ouml;zellikleri: Ex-Link (RS-232C)</p>\r\n\r\n<p><strong>MULTİMEDYA &Ouml;ZELLİKLERİ</strong></p>\r\n\r\n<p>3D: Yok</p>\r\n\r\n<p>Smart TV: Var</p>\r\n\r\n<p>Smart TV &Ouml;zellikleri: Smart HubWeb Tarayıcı</p>\r\n\r\n<p>Uygulama Y&uuml;kleyebilme: Var</p>\r\n\r\n<p>Dahili Kamera: Yok</p>\r\n\r\n<p>Akıllı Etkileşim (Dahili): Var</p>\r\n\r\n<p>Ses ile TV Kontrol&uuml;: Var</p>\r\n\r\n<p>Yayın Kaydetme (PVR): Yok</p>\r\n\r\n<p>Program Rehberi (EPG): Var</p>\r\n\r\n<p>HbbTV: Var</p>\r\n\r\n<p>Hbb TV &Ouml;zellikleri: v1.5</p>\r\n\r\n<p>İşlemci &Ccedil;ekirdek Sayısı: 4</p>\r\n\r\n<p>İşletim Sistemi: Tizen</p>\r\n\r\n<p>Diğer Multimedya &Ouml;zellikleri: BluetoothEkran YansıtmaTek kumanda (One Remote Control)Bluetooth HID (Dahili)USB HID DesteğiAkıllı Telefon ile KontrolConnect Share (HDD)ConnectShareDigital Clean ViewOyun ModuAmbient ModeSamsung SmartThingsTeletext (TTXT)Ultra Clean View4K Ultra HD Connected360&deg; Tasarım (360&deg; Design)</p>\r\n\r\n<p><strong>ENERJİ ve TASARIM</strong></p>\r\n\r\n<p>Enerji T&uuml;ketim Sınıfı: B</p>\r\n\r\n<p>G&uuml;&ccedil; T&uuml;ketimi (Maksimum): 145 W</p>\r\n\r\n<p>T&uuml;ketim (Ortalama): 95 W</p>\r\n\r\n<p>T&uuml;ketim (Tasassuf Modu): 25 W</p>\r\n\r\n<p>T&uuml;ketim (Bekleme Modu): 0.5 W</p>\r\n\r\n<p>Ortalama Yıllık T&uuml;ketim: 132 kWh</p>\r\n\r\n<p>G&uuml;&ccedil; T&uuml;ketimi &Ouml;zellikleri: Işık sens&ouml;r&uuml; (Eco Sensor/Akıllı Sens&ouml;r)Otomatik Kapanma</p>\r\n\r\n<p>Voltaj Aralığı: 220 - 240 V</p>\r\n\r\n<p>Frekans Aralığı: 50 / 60 Hz</p>\r\n\r\n<p>Ekran Kalınlık Tipi: Slim</p>\r\n\r\n<p>&Ouml;n &Ccedil;er&ccedil;eve Rengi: Siyah &amp; G&uuml;m&uuml;ş</p>\r\n\r\n<p>Stand (Ayak) Tipi: İkili stant (V Ayaklı)</p>\r\n\r\n<p><strong>EBAT &amp; AĞIRLIK</strong></p>\r\n\r\n<p>Kutu Genişliği: 1249 mm</p>\r\n\r\n<p>Kutu Y&uuml;ksekliği: 768 mm</p>\r\n\r\n<p>Kutu Derinliği: 157 mm</p>\r\n\r\n<p>TV Genişliği (Ayaklı): 1091.6 mm</p>\r\n\r\n<p>TV Y&uuml;ksekliği (Ayaklı): 703.3 mm</p>\r\n\r\n<p>TV Derinliği (Ayaklı): 247.7 mm</p>\r\n\r\n<p>TV Genişliği (Ayaksız): 1091.6 mm</p>\r\n\r\n<p>TV Y&uuml;ksekliği (Ayaksız): 634.6 mm</p>\r\n\r\n<p>TV Derinliği (Ayaksız): 54.9 mm</p>\r\n\r\n<p>TV Ağırlığı (Ayaksız): 13.4 kg</p>\r\n\r\n<p>TV Ağırlığı (Ayaklı): 13.9 kg</p>\r\n\r\n<p>Toplam Ambalaj Ağırlığı: 17.6 kg</p>\r\n\r\n<p><strong>GENEL &Ouml;ZELLİKLER</strong></p>\r\n\r\n<p>&Ccedil;ıkış Yılı: 2018</p>\r\n\r\n<p>&Ouml;ne &Ccedil;ıkan &Ouml;zellikler: Samsung QLED TVUltra HD Premium</p>\r\n', 6200.00, 'MBHLYejviRA', 'Samsung 49Q6FN Ultra HD (4K) TV (QE49Q6FNAT)', 100, '1', '0'),
(23, 2, '2020-06-08 18:12:54', 'Sineklerin Tanrısı', 'sineklerin-tanrisi', '<p><strong>Sineklerin Tanrısı</strong></p>\r\n\r\n<p>D&uuml;nya klasikleri arasında g&ouml;sterilen &ldquo;Sineklerin Tanrısı&rdquo;, William Golding&rsquo;in en &ouml;nemli eserleri arasında g&ouml;steriliyor. Nobel edebiyat &ouml;d&uuml;l&uuml; almasıyla ise t&uuml;m d&uuml;nyada b&uuml;y&uuml;k &uuml;ne kavuşan eser, ıssız ada yaşamını bambaşka bir y&ouml;nden ele alıyor. Karakter analizlerine ve davranışlara odaklanan kitap, saf ve temiz &ccedil;ocukların bile aslında ne kadar vahşileşebileceklerini g&ouml;zler &ouml;n&uuml;ne seriyor. Okuyucuları, davranışlar &uuml;zerinde d&uuml;ş&uuml;nmeye iten bu kitapla siz de hayatta kalma m&uuml;caledesine giren &ccedil;ocukların derinden etkileyen hikayesiyle baş başa kalacaksınız.</p>\r\n\r\n<p><strong><em>Hayatta Kalmak İ&ccedil;in Verilen Acımasız M&uuml;cadelenin &Ouml;yk&uuml;s&uuml;</em></strong></p>\r\n\r\n<p>Kitap, II. D&uuml;nya Savaşı&rsquo;nda yaşanan n&uuml;kleer atom bombası etkisinden korunmak i&ccedil;in Britanyalı bir grup &ccedil;ocuğun, u&ccedil;ak ile taşınmasını konu alarak başlıyor. S&ouml;z konusu u&ccedil;ak varmak istediği noktaya gidemeden, ıssız bir adaya d&uuml;ş&uuml;nce hayatta kalan &ccedil;ocukların yaşam m&uuml;cadelesi başlamış oluyor.</p>\r\n\r\n<p>Kitabın ana kahramanı Ralph, iyi niyetli ve temiz kalpli bir &ccedil;ocuk karakter olarak tanıtılır. Ralph&rsquo;in yakın arkadaşları olarak g&ouml;receğimiz bir de Domuzcuk lakaplı şişman ve g&ouml;zl&uuml;kl&uuml; bir &ccedil;ocuk ile Simon vardır. &Ccedil;ocuklar ilk başlarda ebeveynlerinin baskısı olmadan rahat ve huzurla bu adada yaşayabileceklerine inansalar da zamanla işbirliği yapıp hayatta kalma m&uuml;cadelesi vermeleri gerektiğini anlarlar. Domuzcuk olduk&ccedil;a zeki bir karakterdir ve Ralph&rsquo;e pek &ccedil;ok konuda akıl verir. Bunlardan ilki, hayatta kalan diğer t&uuml;m &ccedil;ocukları bir araya toplama fikridir. Denizden &ccedil;ıkardıkları deniz kabuğunu &ouml;tt&uuml;rerek ise diğerlerine ulaşmayı başarırlar.</p>\r\n\r\n<p>&Ccedil;ocuklar arasında bir de Jack karakteri g&ouml;ze &ccedil;arpar. Adada liderliği ele ge&ccedil;irebilmek i&ccedil;in pek &ccedil;ok k&ouml;t&uuml;l&uuml;k yapmaya hazır olan bu &ccedil;ocuk ile Ralph&rsquo;in arası hi&ccedil;bir zaman d&uuml;zelmeyecektir. Jack ve Ralph&rsquo;in liderliğinde 2 gruba ayrılan &ccedil;ocuklar, birbirlerini sevemezler. &Ouml;yle ki Jack&rsquo;in &ouml;nderliğindeki &ccedil;ocuklar, adadaki 2 &ccedil;ocuğun &ouml;l&uuml;m&uuml;ne dahi g&ouml;z yumar. Peki o 2 kişi kimdir? Ve &ccedil;ocuklar adadan kurtulabilecek midir?</p>\r\n\r\n<p><strong>Bunları Biliyor muydunuz?</strong></p>\r\n\r\n<p>William Golding&rsquo;in yayınlandığı andan itibaren &ccedil;ok ses getiren kitabı&nbsp;&ldquo;Sineklerin Tanrısı&rdquo;, 1963 yılında beyaz perdeye de aktarılmıştır.</p>\r\n\r\n<p><strong>En Sevilen Kitaplara Hemen Şimdi Sahip Olun!</strong></p>\r\n\r\n<p>Nobel &ouml;d&uuml;ll&uuml; d&uuml;nya klasiklerine kitaplığınızda yer a&ccedil;manın şimdi tam sırası! Avantajlı fiyatlardan sahip olabileceğiniz kitap kategorilerimizi ge&ccedil; kalmadan inceleyin!</p>\r\n\r\n<p>&nbsp;</p>\r\n\r\n<p>&nbsp;</p>\r\n\r\n<p>Kitap Adı:&nbsp;Sineklerin Tanrısı</p>\r\n\r\n<p>Yazar: William Golding</p>\r\n\r\n<p>&Ccedil;evirmen: Mina Urgan</p>\r\n\r\n<p>Yayınevi:&nbsp;İş Bankası K&uuml;lt&uuml;r Yayınları</p>\r\n\r\n<p>Hamur Tipi:&nbsp;2. Hamur</p>\r\n\r\n<p>Sayfa Sayısı:&nbsp;262</p>\r\n\r\n<p>Ebat:&nbsp;12,5 x 20,5</p>\r\n\r\n<p>İlk Baskı Yılı:&nbsp;2006</p>\r\n\r\n<p>Dil:&nbsp;T&uuml;rk&ccedil;e</p>\r\n\r\n<p>Barkod:&nbsp;9789754582901</p>\r\n', 7.00, '', 'sineklerin tanrısı', 25, '1', '0'),
(24, 2, '2020-06-08 18:15:41', 'Olasılıksız', 'olasiliksiz', '<p><strong>Olasılıksız</strong></p>\r\n\r\n<p>Amerikalı yazar Adam Fewer&rsquo;ın 2005 yılında yayınladığı&nbsp;&ldquo;Olasılıksız&rdquo;, t&uuml;m d&uuml;nyada b&uuml;y&uuml;k yankı uyandıran bir başyapıt niteliği taşıyor. &ldquo;İnsan, beyninin ne kadarını kullanabilir ki?&rdquo; sorusuna yanıtların arandığı bu kitap, okuyucuları matematiksel d&uuml;ş&uuml;ncenin ve bilimin etrafında topluyor. Eserde işlenen konu, Laplace&rsquo;in şeytanı teorisi &uuml;zerinde dururken, aslında hi&ccedil;bir şeyin şans eseri olmadığını ve ge&ccedil;mişteki olayların etkileşimi ile bu anın yaşanabileceğini g&ouml;zler &ouml;n&uuml;ne seriyor. Zekice oluşturulmuş bir kurgu ile karşı karşıya kalacağınız bu kitap, sizi i&ccedil;erisinden &ccedil;ıkamayacağınız bir olasılıklar zincirine davet ediyor.</p>\r\n\r\n<p><strong>İnsan Geleceği Ne Kadar &Ouml;ng&ouml;rebilir?</strong></p>\r\n\r\n<p>Eserin baş kahramanı, David Caine adında epilepsi hastası bir karakter olarak g&ouml;ze &ccedil;arpar. David, olasılık konusunda olduk&ccedil;a uzmandır ve bir &uuml;niversitede ders anlatmaktadır. Aynı zamanda bir epilepsi hastası olan Caine, bir g&uuml;n ders esnasında kriz ge&ccedil;irir ve hastaneye kaldırılır. Bu andan itibaren okulda devam edemeyeceğini anlayan Caine, para kazanabilmek i&ccedil;in en iyi yaptığı şeye y&ouml;nelir. Yani olasılıklara. B&ouml;ylece kendisinin poker macerası başlamış olur.</p>\r\n\r\n<p>Bu şekilde ge&ccedil;imini s&uuml;rd&uuml;r&uuml;rken, iyi bir elde olduğunu d&uuml;ş&uuml;nd&uuml;ğ&uuml; bir oyunda kriz atağının geldiğini hisseder ve oyunu tamamlayamadan kendini hastanede bulur. T&uuml;m parasını kaybetmiştir. Dahası, kumarhaneye de bor&ccedil;lanmıştır. Doktorlar ise Caine&rsquo;in hastalığı konusunda &uuml;mitsizdir. Ya birka&ccedil; ay i&ccedil;inde bitkisel hayata girecektir ya da kendisine denek olmasını teklif eden doktorunu dinleyecek ve para kazanacaktır. İkinci şıkkı se&ccedil;en Caine, ila&ccedil;ları kullanmaya başlar ve ne olduysa tam da o anda olur.</p>\r\n\r\n<p>David Caine, t&uuml;m olasılıkları &ouml;ng&ouml;rebilme yeteneği kazanmıştır. Ve bu şekilde geleceği &ouml;ng&ouml;rebilmektedir. Pek &ccedil;ok kişi tarafından ele ge&ccedil;irilmek ve hatta &ouml;ld&uuml;r&uuml;lmek istenen Caine, olasılık tahmini ile m&uuml;kemmel bir ka&ccedil;ış planı kurgular. Her şey umduğu gibi giderse hayatta kalacaktır. Ya da hazin sona boyun eğecektir.</p>\r\n\r\n<p><strong>Bunları Biliyor muydunuz?</strong></p>\r\n\r\n<p>&ldquo;Olasılıksız&rdquo;, Adam Fewer&rsquo;in ilk romanıdır. 18 dile &ccedil;evirilen bu roman, 2006 yılında en iyi roman dalında International Thriller Writer &Ouml;d&uuml;l&uuml;&rsquo;n&uuml; kazanmıştır.</p>\r\n\r\n<p>En Sevilen Kitaplara Hemen Şimdi Sahip Olun!</p>\r\n\r\n<p>Bilim kurgu t&uuml;r&uuml;n&uuml;n en g&uuml;zel &ouml;rneklerinden olan&nbsp;&ldquo;Olasılıksız&rdquo;&nbsp;ve &ccedil;ok daha fazlası, kategorilerimizde keşfedilmeyi bekliyor. Sepete &ouml;zel indirimlerle bu kitaplara sahip olmak i&ccedil;in beklemeyin!</p>\r\n\r\n<p>&nbsp;</p>\r\n\r\n<p>Hamur Tipi :&nbsp;2. Hamur</p>\r\n\r\n<p>Sayfa Sayısı :&nbsp;475</p>\r\n\r\n<p>Ebat :&nbsp;14 x 21</p>\r\n\r\n<p>İlk Baskı Yılı :&nbsp;2018</p>\r\n\r\n<p>Dil :&nbsp;T&uuml;rk&ccedil;e</p>\r\n', 20.00, '', 'olasılıksız', 25, '1', '0'),
(25, 2, '2020-06-08 18:18:47', 'Şeker Portakalı', 'seker-portakali', '<p><strong>ŞEKER PORTAKALI</strong></p>\r\n\r\n<p>Acı dolu bir hayat s&uuml;rd&uuml;rmek ve bunu yaşamın olağan seyri gibi kabul etmek, ta ki hayattaki en ger&ccedil;ek ve karşı konulamaz acının ne olduğunu &ouml;ğrenene kadar&hellip;&nbsp;Şeker Portakalı; yoksulluk ve sevgisizlik i&ccedil;inde yaşayan k&uuml;&ccedil;&uuml;k Zeze&rsquo;nin d&uuml;nyasını, okuyucusuna yalnızca minik bir &ccedil;ocuğun g&ouml;z&uuml;nden değil, evrensel bir hakikat penceresinden sunuyor.&nbsp;</p>\r\n\r\n<p>Brezilyalı yazar Jose Mauro de Vasconcelos&rsquo;un 1968&rsquo;de yayımlanan&nbsp;Şeker Portakalı&nbsp;adlı eseri, yalın anlatımı ve &ccedil;arpıcı hik&acirc;yesiyle d&uuml;nya edebiyatının unutulmaz başyapıtları arasında yer alıyor. Yazarının hayatından izler taşıyan eser, bir &ccedil;ocuğun i&ccedil; d&uuml;nyasından yola &ccedil;ıkarak t&uuml;m insanlığa acıyla yoğrularak olgunlaşmanın ağırlığını duyumsatıyor.&nbsp;</p>\r\n\r\n<p>Ger&ccedil;ek&ccedil;i anlatımı ve duygu ağırlıklı temasıyla Latin Amerika edebiyatını t&uuml;m y&ouml;nleriyle yansıtan&nbsp;Şeker Portakalı; saflığı, şefkati ve acıyı eksiksiz bir empati ile iliklerinize kadar hissetmenizi sağlayacak.</p>\r\n\r\n<p><strong>Saflığın Acıyla Y&uuml;zleşmesi</strong></p>\r\n\r\n<p>Kitabın başkahramanı Zeze, yaramazlıklarıyla meşhur bir afacan. Mahallelinin &ldquo;şeytan&rdquo; olarak andığı bu &ccedil;ocuğu, &ouml;ğretmeni ise bir &ldquo;melek&rdquo; olarak g&ouml;r&uuml;yor. G&uuml;n&uuml;n birinde Zeze ve ailesi, maddi imkansızlıklar nedeniyle oturdukları evden taşınmak zorunda kalıyor. Zeze, &ouml;nceleri taşınmalarına &ccedil;ok &uuml;z&uuml;lse de bu durumu yeni taşındıkları evin bah&ccedil;esindeki şeker portakalı fidanıyla telafi ediyor. Fidan, &ccedil;ok ge&ccedil;meden Zeze&rsquo;nin en iyi arkadaşı oluveriyor.&nbsp;</p>\r\n\r\n<p>Zeze bir g&uuml;n, en b&uuml;y&uuml;k hayalini, daha doğrusu yapmayı en &ccedil;ok istediği yaramazlıklardan birini ger&ccedil;ekleştiriyor. Bu yaptığının bedelini ise mahallede Portekizli adıyla bilinen bir adamdan fena halde dayak yiyerek &ouml;d&uuml;yor.&nbsp;</p>\r\n\r\n<p>K&uuml;&ccedil;&uuml;k kahramanımız, başta bu adamdan nefret etse de sonradan onu &ccedil;ok seviyor. Hatta Portekizliyi o kadar &ccedil;ok seviyor ki bu sayede haylazlığı da bırakıyor. Zamanla ikilinin arasında, baba-oğul ilişkisi gibi bir bağ kuruluyor. Ancak hikayenin sonunda bu bağlılık, Zeze&rsquo;yi iyileştirdiği kadar onun &ouml;m&uuml;r boyu unutamayacağı bir acıyı da beraberinde getirecek.&nbsp;</p>\r\n\r\n<p><strong>Bunu Biliyor muydunuz?</strong></p>\r\n\r\n<p>Yazar Jose Mauro de Vasconcelos, &uuml;nl&uuml; romanı&nbsp;Şeker Portakalı&rsquo;nı 12 g&uuml;nde tamamlamıştır.&nbsp;</p>\r\n\r\n<p>&nbsp;</p>\r\n\r\n<p>Kitap Adı:&nbsp;Şeker Portakalı</p>\r\n\r\n<p>Yazar:Jose Mauro De Vasconcelos</p>\r\n\r\n<p>Resimleyen:Jayne Cortez</p>\r\n\r\n<p>&Ccedil;evirmen:Emrah İmre</p>\r\n\r\n<p>Yayınevi:&nbsp;Can &Ccedil;ocuk Yayınları</p>\r\n\r\n<p>Hamur Tipi:&nbsp;2. Hamur</p>\r\n\r\n<p>Sayfa Sayısı:&nbsp;200</p>\r\n\r\n<p>Ebat:&nbsp;12,5 x 19,5</p>\r\n\r\n<p>İlk Baskı Yılı:&nbsp;2000</p>\r\n\r\n<p>Dil:&nbsp;T&uuml;rk&ccedil;e</p>\r\n\r\n<p>Barkod:&nbsp;9789750738609</p>\r\n', 10.00, '', 'Şeker Portakalı', 25, '1', '0'),
(26, 2, '2020-06-08 18:32:29', 'Simyacı', 'simyaci', '<p><strong>Simyacı</strong></p>\r\n\r\n<p>D&uuml;nya edebiyatının fenomenleri arasında yer alan&nbsp;Simyacı, yayımlandığı g&uuml;nden bug&uuml;ne pek &ccedil;ok hayata dokunmaya devam ediyor. Brezilyalı yazar Paulo Coelho tarafından 1988 yılında yayımlanan eser, Doğu ve Batı d&uuml;nyasına aynı pencereden ışık tutuyor. Coelho&rsquo;nun&nbsp;Mesnevi&rsquo;deki bir kıssadan hareketle kaleme aldığı&nbsp;Simyacı, macera dolu &ouml;yk&uuml;s&uuml; ve felsefi y&ouml;n&uuml;yle başucu kitabınız olmaya aday!</p>\r\n\r\n<p>Etkileyici hikayesi, sade anlatımı ve derinliğiyle&nbsp;Simyacı, d&uuml;nya klasiklerinin en sevilen eserlerinden biri. Yayımlandıktan kısa s&uuml;re sonra 42 &uuml;lkede basılan ve 26 dile &ccedil;evrilen eser, 1996&rsquo;dan g&uuml;n&uuml;m&uuml;ze T&uuml;rkiye&rsquo;de de en &ccedil;ok okunan romanlar arasındaki yerini koruyor. Eğer hem bir macera tutkunu hem de felsefe meraklısıysanız&nbsp;Simyacı, sizi de etkisi altına alacak.&nbsp;</p>\r\n\r\n<p>Simyacı, Santiago adındaki End&uuml;l&uuml;sl&uuml; bir &ccedil;obanın İspanya&rsquo;dan başlayıp Mısır&rsquo;da sona eren yolculuğunu konu ediniyor. G&ouml;rd&uuml;ğ&uuml; bir r&uuml;ya &uuml;zerine sahip olduğu her şeyi ardında bırakan Santiago&rsquo;nun bu ser&uuml;veni, onu d&uuml;şlerine kavuşturduğu kadar hayatın hakikatine de ulaştırıyor.&nbsp;Simyacı&rsquo;nın sayfalarını &ccedil;evirdik&ccedil;e siz de Santiago&rsquo;yla birlikte kendi i&ccedil;inize doğru bir yolculuğa &ccedil;ıkacaksınız.</p>\r\n\r\n<p><strong>Kendi Kişisel Menkıbenizi Keşfetmeye Hazır Olun!</strong></p>\r\n\r\n<p>Gezgin olma isteğiyle &ccedil;obanlık yapmaya başlayan Santiago, uzun bir m&uuml;ddet yalnızca koyunlarının onu g&ouml;t&uuml;rd&uuml;ğ&uuml; y&ouml;ne gidiyor. B&ouml;ylelikle farklı yerler keşfeden Santiago, bir g&uuml;n koyunlarıyla birlikte sığındığı eski bir kilisenin bah&ccedil;esinde uyurken r&uuml;ya g&ouml;r&uuml;yor. Mısır&rsquo;a gittiğini ve orada bir hazine bulduğunu g&ouml;rd&uuml;ğ&uuml; bu r&uuml;yaya başta aldırış etmese de sonrasında yaşadığı ilgin&ccedil; olaylar, Santiago&rsquo;yu bu gizemli yolculuğa ikna ediyor.</p>\r\n\r\n<p>Afrika&rsquo;ya adım atar atmaz seyahati i&ccedil;in biriktirdiği t&uuml;m parayı kaybeden Santiago, &ccedil;alışmak durumunda kalıyor. Bir yandan para kazanmak i&ccedil;in &ccedil;abalarken diğer yandan kendisini zorlu yolculuk şartlarına hazırlayan tecr&uuml;beler ediniyor. Tekrar yola koyulan ve &ccedil;&ouml;lleri aşan Santiago, bu &ccedil;etin seyahatte hem savaşı hem de aşkı deneyimliyor. Yolun sonuna vardığında ise aradığı hazineye beklenmedik bir şekilde ulaşıyor.</p>\r\n\r\n<p><strong>Bunu Biliyor muydunuz?</strong></p>\r\n\r\n<p>Latin Amerika edebiyatının başarısıyla adından s&ouml;z ettiren yazarlarından Paulo Coelho, romancılık kariyerine başlamadan &ouml;nce şarkı s&ouml;z&uuml; yazarı olarak &uuml;nlenmiştir.&nbsp;</p>\r\n\r\n<p><strong>En Sevilen Kitaplara Hemen Şimdi Sahip Olun!</strong></p>\r\n\r\n<p>Santiago&rsquo;nun yolculuğunda ona eşlik ederken hayatın &ouml;z&uuml;ne dair bir&ccedil;ok cevaba ulaşmak i&ccedil;in&nbsp;Simyacı&rsquo;ya mutlaka k&uuml;t&uuml;phanenizde yer a&ccedil;ın! Bir solukta okuyacağınız ve bitirdikten sonra tekrar tekrar başlamak isteyeceğiniz bu kitaba sahip olmak i&ccedil;in beklemeyin ve hemen şimdi sepetinize atın.&nbsp;&nbsp;</p>\r\n\r\n<p>&nbsp;</p>\r\n\r\n<p>&nbsp;</p>\r\n\r\n<p>Kitap Adı:&nbsp;Simyacı</p>\r\n\r\n<p>Yazar:Paulo Coelho</p>\r\n\r\n<p>&Ccedil;evirmen:&Ouml;zdemir İnce</p>\r\n\r\n<p>Yayınevi:&nbsp;Can Yayınları</p>\r\n\r\n<p>İlk Baskı Yılı:&nbsp;2010</p>\r\n\r\n<p>Dil:&nbsp;T&uuml;rk&ccedil;e</p>\r\n\r\n<p>Barkod:&nbsp;9789750726439</p>\r\n', 10.00, '', 'Simyacı', 25, '1', '0'),
(27, 2, '2020-06-08 18:35:52', 'Körlük', 'korluk', '<p><strong>K&ouml;rl&uuml;k</strong></p>\r\n\r\n<p>&nbsp;</p>\r\n\r\n<p>Adı bilinmeyen bir &uuml;lkenin adı bilinmeyen bir kentinde, arabasının direksiyonunda trafik ışığının yeşile d&ouml;nmesini bekleyen bir adam ansızın k&ouml;r olur. Ancak karanlıklara değil, bembeyaz bir boşluğa g&ouml;m&uuml;l&uuml;r. Arkasından, k&ouml;rl&uuml;k salgını b&uuml;t&uuml;n kente, hatta b&uuml;t&uuml;n &uuml;lkeye yayılır. Ne y&ouml;netim kalır &uuml;lkede, ne de d&uuml;zen; b&uuml;t&uuml;n k&ouml;rler karantinaya alınır. Hayal bile edilemeyecek bir kaos, pislik, a&ccedil;lık ve zorbalık h&uuml;k&uuml;m s&uuml;rmektedir artık. Yaşam durmuştur, insanların tek &ccedil;abası, ne pahasına olursa olsun hayatta kalmaktır. Roman, kentteki akıl hastanesinde karantinaya alınan, oradan kurtulunca da birbirinden ayrılmayan, biri &ccedil;ocuk yedi kişiye odaklanır. Aralarında, b&uuml;t&uuml;n kentte g&ouml;zleri g&ouml;ren tek kişi olan ve gruptakilere rehberlik eden bir kadın da vardır. Bu yedi kişi, cehenneme d&ouml;nen bu kentte, hayatta kalabilmek i&ccedil;in inanılmaz bir m&uuml;cadele verir. Saramago&rsquo;nun m&uuml;thiş bir g&ouml;zlem g&uuml;c&uuml;yle betimlediği bu kaotik d&uuml;nya, insanın karanlık y&uuml;z&uuml;n&uuml;n simgesi.</p>\r\n\r\n<p>K&ouml;rl&uuml;k, &uuml;rk&uuml;t&uuml;c&uuml; bir roman, beklenmedik bir felaketi yaşayan bir toplumun nasıl &ccedil;&ouml;kt&uuml;ğ&uuml;n&uuml;n, nasıl bencilleştiğinin ve değer yargılarını yitirdiğinin hik&acirc;yesi. Konusunun &uuml;rk&uuml;t&uuml;c&uuml;l&uuml;ğ&uuml;ne rağmen olağan&uuml;st&uuml; bir şiirsellikle anlatılmış bu unutulmaz roman, usta yazarın belki de en etkileyici yapıtı.</p>\r\n\r\n<p>&nbsp;</p>\r\n\r\n<p>(Tanıtım B&uuml;lteninden)</p>\r\n\r\n<p>&nbsp;</p>\r\n\r\n<p>&nbsp;</p>\r\n\r\n<p>Kitap Adı:&nbsp;K&ouml;rl&uuml;k</p>\r\n\r\n<p>Yazar:Jose Saramago</p>\r\n\r\n<p>&Ccedil;evirmen:Işık Erg&uuml;den</p>\r\n\r\n<p>Yayınevi:&nbsp;Kırmızı Kedi</p>\r\n\r\n<p>Hamur Tipi:&nbsp;2. Hamur</p>\r\n\r\n<p>Sayfa Sayısı:&nbsp;336</p>\r\n\r\n<p>Ebat:&nbsp;14 x 21</p>\r\n\r\n<p>İlk Baskı Yılı:&nbsp;2017</p>\r\n\r\n<p>Baskı Sayısı:&nbsp;3. Basım</p>\r\n\r\n<p>Dil:&nbsp;T&uuml;rk&ccedil;e</p>\r\n\r\n<p>Medya Cinsi:&nbsp;Ciltsiz</p>\r\n\r\n<p>Barkod:&nbsp;9786052980811</p>\r\n', 20.00, '', 'körlük', 25, '1', '0'),
(28, 2, '2020-06-08 18:38:08', 'Yeraltından Notlar', 'yeraltindan-notlar', '<p>İnsan olmak, ger&ccedil;ek insan, etiyle kemiğiyle insan olmak bile ağır gelir bize. Utanırız bundan, insan olmayı y&uuml;z karası sayarız, benzeri olmayan toplumsal birtakım insanlar olmak i&ccedil;in &ccedil;abalarız. &Ouml;l&uuml; doğmuş insanlarız biz ve uzun zamandır canlı babaların &ccedil;ocukları değiliz, giderek daha &ccedil;ok hoşlanıyoruz b&ouml;yle doğmuş olmaktan. Zevk duyuyoruz bundan. &Ccedil;ok yakın bir gelecekte bir şekilde d&uuml;ş&uuml;ncelerden doğmanın yolunu bulacağız.<br />\r\nDostoyevski&#39;nin Gogol etkisinden kurtularak kendi sesiyle verdiği ilk b&uuml;y&uuml;k yapıt olan Yeraltından Notlar, Avrupa&#39;daki b&uuml;y&uuml;k varoluş&ccedil;u edebiyatı m&uuml;jdeleyen bir roman. Kitap, okuruna yeraltı diye adlandırdığı bir ruh halinden seslenen karakterin uzun, &ccedil;ılgınca s&ouml;yleviyle başlıyor. Ardından, bu ahlak&ccedil;ı, uyumsuz, d&uuml;r&uuml;st kişinin yaşadığı bir aşağılanma olayı anlatılıyor. Y&uuml;z elli yıldır okunan ger&ccedil;ek bir başyapıt.</p>\r\n\r\n<p>&nbsp;(Tanıtım B&uuml;lteninden)</p>\r\n\r\n<p>&nbsp;</p>\r\n\r\n<p>&nbsp;</p>\r\n\r\n<p>Kitap Adı:&nbsp;Yeraltından Notlar</p>\r\n\r\n<p>Yazar:Fyodor Mihaylovi&ccedil; Dostoyevski</p>\r\n\r\n<p>Yayınevi:&nbsp;Can Yayınları</p>\r\n\r\n<p>Hamur Tipi:&nbsp;2. Hamur</p>\r\n\r\n<p>Ebat:&nbsp;13 x 19</p>\r\n\r\n<p>İlk Baskı Yılı:&nbsp;2019</p>\r\n\r\n<p>Baskı Sayısı:&nbsp;1. Basım</p>\r\n\r\n<p>Barkod:&nbsp;9789750739491</p>\r\n', 7.00, '', 'Yeraltından Notlar', 25, '1', '0'),
(29, 2, '2020-06-08 18:42:33', 'İçimizdeki Şeytan', 'icimizdeki-seytan', '<p>&quot;İsteyip istemedeğimi doğru d&uuml;r&uuml;st bilmediğim, fakat neticede aleyhime &ccedil;ıkarsa istemediğimi iddia ettiğim bu nevi s&ouml;z ve fiillerimin daimi bir mesul&uuml;n&uuml; bulmuştum: Buna i&ccedil;imdeki şeytan diyordum, m&uuml;dafaasını &uuml;zerime almaktan korktuğum b&uuml;t&uuml;n hareketlerimi ona y&uuml;kl&uuml;yor ve kendi suratıma t&uuml;k&uuml;receğim yerde, haksızlığa, tesad&uuml;f&uuml;n cilvesine uğramış bir mazlum gibi nefsimi şefkat ve ihtimama layık g&ouml;r&uuml;yordum. Halbuki ne şeytanı azizim, ne şeytanı? Bu bizim gururumuzun, salaklığımızın uydurması..&quot;</p>\r\n\r\n<p>Bu romanında, toplumsal g&uuml;ndemin kişilikler &uuml;zerindeki baskısını ve g&uuml;&ccedil;s&uuml;z insanın &quot;kapana kısılmışlığını&quot; g&ouml;steriyor Sabahattin Ali. Aydın ge&ccedil;inenlerin karanlığına, &quot;insanın i&ccedil;indeki şeytan&quot;a keskin bir bakış.</p>\r\n\r\n<p>&nbsp;</p>\r\n\r\n<p>(Tanıtım B&uuml;lteninden)</p>\r\n\r\n<p>&nbsp;</p>\r\n\r\n<p>&nbsp;</p>\r\n\r\n<p>Kitap Adı:&nbsp;İ&ccedil;imizdeki Şeytan</p>\r\n\r\n<p>Yazar:Sabahattin Ali</p>\r\n\r\n<p>Yayınevi:&nbsp;Yapı Kredi Yayınları</p>\r\n\r\n<p>İlk Baskı Yılı:&nbsp;2016</p>\r\n\r\n<p>Dil:&nbsp;T&uuml;rk&ccedil;e</p>\r\n\r\n<p>Barkod:&nbsp;9789753638036</p>\r\n', 7.00, '', 'İçimizdeki Şeytan', 25, '1', '0');

-- --------------------------------------------------------

--
-- Tablo için tablo yapısı `urunfoto`
--

CREATE TABLE `urunfoto` (
  `urunfoto_id` int(11) NOT NULL,
  `urun_id` int(11) NOT NULL,
  `urunfoto_resimyol` varchar(255) NOT NULL,
  `urunfoto_sira` int(2) NOT NULL
) ENGINE=InnoDB DEFAULT CHARSET=utf8 COLLATE=utf8_turkish_ci;

--
-- Tablo döküm verisi `urunfoto`
--

INSERT INTO `urunfoto` (`urunfoto_id`, `urun_id`, `urunfoto_resimyol`, `urunfoto_sira`) VALUES
(3, 10, 'dimg/urun/26173285252701520190acer.png', 1),
(11, 0, 'dimg/urun/29746285322922130217b_acer-an515-54-53qw-2.png', 2),
(12, 0, 'dimg/urun/27073215533070426518acer.png', 3),
(13, 0, 'dimg/urun/26987305742911922069b_acer-an515-54-53qw-3.png', 4),
(15, 11, 'dimg/urun/31692217272406027494b_samsung-galaxy-s20-ultra-1.png', 0),
(16, 11, 'dimg/urun/20515265542466525667b_samsung-galaxy-s20-ultra-1.jpg', 0),
(17, 11, 'dimg/urun/25642226352285926969b_samsung-galaxy-s20-ultra-3.jpg', 0),
(18, 11, 'dimg/urun/31053240903061328588b_samsung-galaxy-s20-ultra-6.jpg', 0),
(19, 12, 'dimg/urun/27792226603123528920b_huawei-p40-pro-1.jpg', 0),
(20, 12, 'dimg/urun/28379302382128524672b_huawei-p40-pro-5.png', 0),
(21, 12, 'dimg/urun/27013208212002730339b_huawei-p40-pro-6.jpg', 0),
(22, 12, 'dimg/urun/21502240772486530810b_huawei-p40-pro-16.jpg', 0),
(23, 13, 'dimg/urun/26911232872578723132b_xiaomi-mi-10-2.jpg', 0),
(24, 13, 'dimg/urun/28083306602170922594b_xiaomi-mi-10-4.png', 0),
(25, 13, 'dimg/urun/27542230832834631840b_xiaomi-mi-10-11.jpg', 0),
(26, 13, 'dimg/urun/28096279502212628635b_xiaomi-mi-10-14.jpg', 0),
(27, 14, 'dimg/urun/24903266162780330154b_huawei-mate-30-pro-2.png', 0),
(28, 14, 'dimg/urun/25003240343116028258b_huawei-mate-30-pro-4.png', 0),
(29, 14, 'dimg/urun/30743296802281220142b_huawei-mate-30-pro-11.png', 0),
(30, 14, 'dimg/urun/25729208413069629554b_huawei-mate-30-pro-13.png', 0),
(31, 15, 'dimg/urun/28959250472148229862b_apple-iphone-11-pro-max-512gb-2.png', 0),
(32, 15, 'dimg/urun/28883216312543928820b_apple-iphone-11-pro-max-512gb-1.jpg', 0),
(33, 15, 'dimg/urun/22994262242916424431b_apple-iphone-11-pro-max-512gb-3.jpg', 0),
(34, 15, 'dimg/urun/25584315622085627983b_apple-iphone-11-pro-max-512gb-5.jpg', 0),
(39, 17, 'dimg/urun/22423262492878323331b_oneplus-7t-pro-2.png', 0),
(40, 17, 'dimg/urun/23383200532844826296b_oneplus-7t-pro-3.png', 0),
(41, 17, 'dimg/urun/28000257072078225688b_oneplus-7t-pro-13.png', 0),
(42, 17, 'dimg/urun/27212246012934924592b_oneplus-7t-pro-15.png', 0),
(43, 18, 'dimg/urun/28360200732431128444b_hp-omen-17-cb0010nt-8ul83ea-3.png', 0),
(44, 18, 'dimg/urun/22999280132919221883b_hp-omen-17-cb0010nt-8ul83ea-2.png', 0),
(45, 18, 'dimg/urun/27083288292924920729b_hp-omen-17-cb0010nt-8ul83ea-4.png', 0),
(46, 18, 'dimg/urun/28669228092965420356b_hp-omen-17-cb0010nt-8ul83ea-6.png', 0),
(47, 19, 'dimg/urun/23815294192060224247b_msi-gl65-9sd-033xtr-2.jpg', 0),
(48, 19, 'dimg/urun/30464283132054230152b_msi-gl65-9sd-033xtr-5.png', 0),
(49, 19, 'dimg/urun/30157200672407620673LYMNENPRGQ4132020165348_msi-gl65-leopard-red-4.jpg', 0),
(50, 19, 'dimg/urun/22438255792360724504TZJHKGIIPK4132020165348_msi-gl65-leopard-red-6.jpg', 0),
(51, 20, 'dimg/urun/27698269272650530618b_monster-huma-h5-v1-1-1.jpg', 0),
(52, 20, 'dimg/urun/22555249432307426865b_monster-huma-h5-v1-1-1.png', 0),
(53, 20, 'dimg/urun/31425224912491224150b_monster-huma-h5-v1-1-4.jpg', 0),
(54, 20, 'dimg/urun/26530220512890331603b_monster-huma-h5-v1-1-5.jpg', 0),
(58, 21, 'dimg/urun/23182266112769327760TeoriV2-97752_large.jpg', 0),
(59, 22, 'dimg/urun/26838227762586028341b_samsung-55q6fn-4.jpg', 0),
(60, 22, 'dimg/urun/20754257392092121114b_samsung-55q6fn-1.jpg', 0),
(61, 22, 'dimg/urun/23258289913062027394b_samsung-55q6fn-6.jpg', 0),
(62, 22, 'dimg/urun/25630306432212430957b_samsung-55q6fn-11.jpg', 0),
(63, 23, 'dimg/urun/22275301202969231817sineklerintanrisi.jpg', 0),
(64, 23, 'dimg/urun/27590300882112727036sineklerintanrisi1.jpg', 0),
(65, 24, 'dimg/urun/30558255392401620417olasılıksız.jpg', 0),
(70, 25, 'dimg/urun/26682263892096424298şekerportakali.jpg', 0),
(71, 25, 'dimg/urun/27415270752587430318p0000000064031-2.jpg', 0),
(72, 25, 'dimg/urun/27542224322280225161p0000000064031-1.jpg', 0),
(73, 25, 'dimg/urun/28730213172585728357p0000000064031-3.jpg', 0),
(74, 26, 'dimg/urun/226703037126744260510000000064552-1.jpg', 0),
(75, 26, 'dimg/urun/21059246922143526937p0000000064552-1.jpg', 0),
(76, 27, 'dimg/urun/271532414627515257600001704045001-1.jpg', 0),
(77, 28, 'dimg/urun/258432199323036312170001798371001-1.jpg', 0),
(78, 29, 'dimg/urun/275252127025419224640000000058246-1.jpg', 0),
(79, 29, 'dimg/urun/241582923922822281220000000058246-2.jpg', 0),
(80, 16, 'dimg/urun/24380215822429625117b_samsung-galaxy-s10-plus-7.png', 0),
(81, 16, 'dimg/urun/20211265323110529461b_samsung-galaxy-s10-plus-1.jpg', 0),
(82, 16, 'dimg/urun/24266223482994322531b_samsung-galaxy-s10-plus-3.jpg', 0),
(83, 16, 'dimg/urun/28933316232031826578b_samsung-galaxy-s10-plus-2.jpg', 0);

-- --------------------------------------------------------

--
-- Tablo için tablo yapısı `yorumlar`
--

CREATE TABLE `yorumlar` (
  `yorum_id` int(11) NOT NULL,
  `kullanici_id` int(11) NOT NULL,
  `yorum_detay` text NOT NULL,
  `yorum_zaman` timestamp NOT NULL DEFAULT CURRENT_TIMESTAMP,
  `urun_id` int(11) NOT NULL,
  `yorum_onay` enum('0','1') NOT NULL DEFAULT '0'
) ENGINE=InnoDB DEFAULT CHARSET=utf8 COLLATE=utf8_turkish_ci;

--
-- Tablo döküm verisi `yorumlar`
--

INSERT INTO `yorumlar` (`yorum_id`, `kullanici_id`, `yorum_detay`, `yorum_zaman`, `urun_id`, `yorum_onay`) VALUES
(17, 161, '<p>&Ccedil;ok G&uuml;zel &uuml;r&uuml;n</p>\r\n', '2020-05-29 20:30:23', 21, '0'),
(20, 161, 'Güzel ürün', '2020-06-03 12:09:12', 21, '1'),
(21, 161, '<p>&Ccedil;ok iyi &uuml;r&uuml;n</p>\r\n', '2020-06-03 21:06:20', 22, '1');

--
-- Dökümü yapılmış tablolar için indeksler
--

--
-- Tablo için indeksler `ayar`
--
ALTER TABLE `ayar`
  ADD PRIMARY KEY (`ayar_id`);

--
-- Tablo için indeksler `banka`
--
ALTER TABLE `banka`
  ADD PRIMARY KEY (`banka_id`);

--
-- Tablo için indeksler `hakkimizda`
--
ALTER TABLE `hakkimizda`
  ADD PRIMARY KEY (`hakkimizda_id`);

--
-- Tablo için indeksler `kategori`
--
ALTER TABLE `kategori`
  ADD PRIMARY KEY (`kategori_id`);

--
-- Tablo için indeksler `kullanici`
--
ALTER TABLE `kullanici`
  ADD PRIMARY KEY (`kullanici_id`);

--
-- Tablo için indeksler `menu`
--
ALTER TABLE `menu`
  ADD PRIMARY KEY (`menu_id`);

--
-- Tablo için indeksler `sepet`
--
ALTER TABLE `sepet`
  ADD PRIMARY KEY (`sepet_id`);

--
-- Tablo için indeksler `siparis`
--
ALTER TABLE `siparis`
  ADD PRIMARY KEY (`siparis_id`);

--
-- Tablo için indeksler `siparis_detay`
--
ALTER TABLE `siparis_detay`
  ADD PRIMARY KEY (`siparisdetay_id`);

--
-- Tablo için indeksler `slider`
--
ALTER TABLE `slider`
  ADD PRIMARY KEY (`slider_id`);

--
-- Tablo için indeksler `urun`
--
ALTER TABLE `urun`
  ADD PRIMARY KEY (`urun_id`);

--
-- Tablo için indeksler `urunfoto`
--
ALTER TABLE `urunfoto`
  ADD PRIMARY KEY (`urunfoto_id`);

--
-- Tablo için indeksler `yorumlar`
--
ALTER TABLE `yorumlar`
  ADD PRIMARY KEY (`yorum_id`);

--
-- Dökümü yapılmış tablolar için AUTO_INCREMENT değeri
--

--
-- Tablo için AUTO_INCREMENT değeri `banka`
--
ALTER TABLE `banka`
  MODIFY `banka_id` int(11) NOT NULL AUTO_INCREMENT, AUTO_INCREMENT=6;

--
-- Tablo için AUTO_INCREMENT değeri `kategori`
--
ALTER TABLE `kategori`
  MODIFY `kategori_id` int(11) NOT NULL AUTO_INCREMENT, AUTO_INCREMENT=10;

--
-- Tablo için AUTO_INCREMENT değeri `kullanici`
--
ALTER TABLE `kullanici`
  MODIFY `kullanici_id` int(11) NOT NULL AUTO_INCREMENT, AUTO_INCREMENT=162;

--
-- Tablo için AUTO_INCREMENT değeri `menu`
--
ALTER TABLE `menu`
  MODIFY `menu_id` int(11) NOT NULL AUTO_INCREMENT, AUTO_INCREMENT=12;

--
-- Tablo için AUTO_INCREMENT değeri `sepet`
--
ALTER TABLE `sepet`
  MODIFY `sepet_id` int(11) NOT NULL AUTO_INCREMENT, AUTO_INCREMENT=15;

--
-- Tablo için AUTO_INCREMENT değeri `siparis`
--
ALTER TABLE `siparis`
  MODIFY `siparis_id` int(11) NOT NULL AUTO_INCREMENT, AUTO_INCREMENT=750018;

--
-- Tablo için AUTO_INCREMENT değeri `siparis_detay`
--
ALTER TABLE `siparis_detay`
  MODIFY `siparisdetay_id` int(11) NOT NULL AUTO_INCREMENT, AUTO_INCREMENT=20;

--
-- Tablo için AUTO_INCREMENT değeri `slider`
--
ALTER TABLE `slider`
  MODIFY `slider_id` int(11) NOT NULL AUTO_INCREMENT, AUTO_INCREMENT=22;

--
-- Tablo için AUTO_INCREMENT değeri `urun`
--
ALTER TABLE `urun`
  MODIFY `urun_id` int(11) NOT NULL AUTO_INCREMENT, AUTO_INCREMENT=30;

--
-- Tablo için AUTO_INCREMENT değeri `urunfoto`
--
ALTER TABLE `urunfoto`
  MODIFY `urunfoto_id` int(11) NOT NULL AUTO_INCREMENT, AUTO_INCREMENT=84;

--
-- Tablo için AUTO_INCREMENT değeri `yorumlar`
--
ALTER TABLE `yorumlar`
  MODIFY `yorum_id` int(11) NOT NULL AUTO_INCREMENT, AUTO_INCREMENT=22;
COMMIT;

/*!40101 SET CHARACTER_SET_CLIENT=@OLD_CHARACTER_SET_CLIENT */;
/*!40101 SET CHARACTER_SET_RESULTS=@OLD_CHARACTER_SET_RESULTS */;
/*!40101 SET COLLATION_CONNECTION=@OLD_COLLATION_CONNECTION */;
